시점,시도별,분유,이유식,TV,영상음향기기,휴대용멀티미디어기기,악기,유아동복,유아용학습교재,초등학교학습서,중학교학습서,고등학교학습서,아동화,장난감,반려동물용품,종이문구,기타문구,필기구,회화용구,유모차,유치원납입금,보육시설이용료,요양시설이용료,반려동물관리비,노래방이용료,놀이시설이용료,운동경기관람료,영화관람료,공연예술관람료,관람시설이용료,문화강습료,온라인콘텐츠이용료,초등학생학원비,중학생학원비,고등학생학원비,음악학원비,미술학원비,운동학원비,전산학원비,가정학습지,이러닝이용료,학교보충교육비,외국어학원비,운동강습료,미용료,뷰티미용료,산후조리원이용료,출산율
2012,　　　서울특별시,98.66,95.056,202.849,98.947,94.083,90.331,89.824,89.448,76.668,85.463,91.137,93.95,91.907,92.687,91.364,80.577,91.82,86.872,97.484,111.714,124.725,72.77,101.821,85.921,85.551,81.814,78.384,100.0,80.927,85.989,92.749,86.45,84.411,71.942,82.53,85.005,74.969,96.705,94.766,106.47,105.353,84.735,80.28,83.856,89.814,98.461,1.3
2013,　　　서울특별시,98.974,95.798,191.743,106.726,92.56,93.632,94.456,91.265,77.671,89.629,91.119,93.95,90.317,93.167,91.197,82.494,91.341,88.072,94.265,89.935,88.558,74.763,102.389,89.418,87.124,84.455,79.438,100.0,82.882,88.096,94.599,88.584,87.58,76.526,83.747,87.431,77.073,99.237,96.371,108.184,104.534,86.87,82.648,86.386,91.025,96.02,1.19
2014,　　　서울특별시,106.709,96.081,175.617,105.715,92.888,92.388,96.644,91.465,79.98,93.451,91.119,93.95,91.303,96.361,96.683,88.157,94.368,88.272,92.318,89.096,89.885,77.335,104.372,93.536,89.615,88.43,83.214,100.0,85.584,90.932,94.442,90.677,88.587,82.276,85.175,90.097,80.869,99.668,96.231,108.184,103.45,90.619,89.525,93.446,91.103,92.851,1.21
2015,　　　서울특별시,111.558,98.969,157.692,105.991,88.127,91.936,97.822,95.359,86.986,93.923,91.216,93.95,93.181,96.671,97.733,89.402,97.761,89.978,94.537,95.597,94.519,79.777,104.664,93.464,90.55,89.96,85.462,100.0,87.736,93.267,94.442,91.833,91.955,85.449,86.441,91.119,84.884,99.732,95.129,109.348,100.281,91.298,91.577,94.548,91.8,93.477,1.24
2016,　　　서울특별시,102.943,97.386,143.824,106.69,91.959,91.157,99.75,95.855,88.343,93.923,92.789,93.95,97.264,99.77,96.827,91.316,99.52,89.995,98.053,97.956,99.652,81.117,109.532,96.656,92.867,98.374,87.74,100.0,89.177,94.789,97.979,93.16,93.997,88.873,90.41,93.476,88.428,99.31,96.66,111.252,95.28,92.59,93.462,95.255,93.035,94.208,1.17
2017,　　　서울특별시,101.063,98.899,131.35,103.983,97.07,94.13,103.129,98.334,91.743,93.923,94.256,93.31,98.479,100.831,95.69,94.459,100.438,90.269,105.31,98.31,101.612,84.348,110.881,98.09,94.678,94.62,88.453,100.0,93.276,96.368,98.749,95.15,94.686,92.214,92.881,94.93,91.676,95.935,96.709,111.252,95.39,93.876,94.399,93.95,95.376,94.582,1.05
2018,　　　서울특별시,97.666,91.736,117.371,100.991,101.444,97.044,103.513,98.334,95.856,95.232,95.986,94.091,99.432,99.144,97.268,98.399,101.109,90.477,106.535,100.01,99.89,92.126,111.337,98.686,98.192,97.681,94.999,100.0,97.621,98.232,98.749,96.587,95.656,95.248,97.505,95.835,94.946,96.0,97.091,111.252,98.61,96.299,95.533,96.715,98.342,97.775,0.98
2019,　　　서울특별시,97.033,97.821,108.932,100.197,102.703,99.38,102.043,98.358,98.506,99.774,98.609,97.538,99.58,98.351,99.072,99.377,101.911,96.272,104.484,102.145,100.504,97.607,103.459,98.918,100.513,98.583,97.437,100.0,99.18,99.287,99.987,97.662,96.861,97.286,97.81,98.737,97.639,97.062,100.0,120.623,99.692,98.428,99.233,98.593,99.214,99.502,0.92
2020,　　　서울특별시,100.0,100.0,100.0,100.0,100.0,100.0,100.0,100.0,100.0,100.0,100.0,100.0,100.0,100.0,100.0,100.0,100.0,100.0,100.0,100.0,100.0,100.0,100.0,100.0,100.0,100.0,100.0,100.0,100.0,100.0,100.0,100.0,100.0,100.0,100.0,100.0,100.0,100.0,100.0,100.0,100.0,100.0,100.0,100.0,100.0,100.0,0.84
2021,　　　서울특별시,100.41,100.0,97.82,96.93,99.07,101.82,98.99,100.31,100.61,100.0,101.25,100.0,99.26,100.42,99.78,106.87,98.5,99.27,95.78,97.28,98.51,101.07,101.24,104.98,101.85,100.0,116.48,100.0,107.39,103.68,100.45,101.93,101.91,100.82,103.76,101.66,103.36,100.71,99.73,107.46,100.93,103.08,99.41,99.72,100.99,100.86,0.81
2022,　　　서울특별시,101.97,100.15,96.03,99.25,100.51,104.63,102.73,100.32,105.16,101.28,106.8,100.53,99.58,106.72,103.27,114.17,102.21,102.11,101.88,81.5,98.72,104.85,103.01,113.39,107.09,100.89,125.32,101.39,111.51,106.94,103.13,104.87,103.79,103.82,107.97,108.14,107.62,102.68,103.73,110.01,104.56,108.07,101.91,105.27,104.51,105.24,0.78
2012,　　　부산광역시,95.729,95.64,213.119,98.78,102.18,97.066,89.762,89.448,76.668,85.463,91.137,93.95,91.274,89.787,93.646,80.545,98.792,79.89,98.561,105.634,139.823,72.77,90.963,87.252,84.503,77.621,77.371,56.699,80.927,83.033,92.749,83.592,79.943,79.243,77.027,82.757,78.955,84.323,94.766,106.47,96.316,80.325,93.284,84.467,79.843,94.357,1.3
2013,　　　부산광역시,96.046,96.194,206.896,109.534,97.274,96.868,94.37,91.265,77.671,89.629,91.119,93.95,90.654,97.172,94.467,82.796,98.574,80.524,95.599,83.699,107.613,74.763,91.188,89.89,86.198,78.669,80.027,56.699,82.882,82.379,94.599,86.05,83.145,83.782,79.402,84.584,82.549,87.795,96.371,108.184,94.997,82.789,95.532,91.081,83.615,96.216,1.19
2014,　　　부산광역시,101.567,96.559,183.49,108.373,95.185,95.096,96.559,91.465,79.98,93.451,91.119,93.95,92.473,97.536,96.794,89.854,99.368,82.405,94.114,85.208,115.978,77.335,92.487,93.002,88.399,79.639,84.651,83.001,85.584,85.892,94.442,88.551,85.724,86.782,83.219,88.665,84.696,87.795,96.231,108.184,97.591,85.519,95.316,91.795,89.62,94.334,1.21
2015,　　　부산광역시,104.549,98.969,157.692,108.959,88.127,94.441,97.731,95.359,86.986,93.923,91.216,93.95,94.203,98.774,97.093,90.898,101.987,84.695,94.537,95.694,123.548,79.777,93.239,93.563,90.599,84.253,85.462,83.001,87.736,89.1,94.442,89.295,90.47,89.276,85.089,91.577,85.955,90.017,95.129,109.348,94.936,86.697,95.686,93.803,91.764,95.298,1.24
2016,　　　부산광역시,99.943,97.386,143.824,107.914,91.959,94.295,99.661,95.855,88.343,93.923,92.789,93.95,98.624,102.189,96.985,91.591,102.437,85.258,98.053,99.37,129.915,81.117,93.786,90.12,92.932,79.914,87.74,83.001,89.177,89.519,97.979,93.583,93.456,93.549,89.289,94.27,89.425,92.124,96.66,111.252,93.435,88.685,96.048,93.562,91.863,93.351,1.17
2017,　　　부산광역시,95.921,98.899,131.35,103.082,97.07,97.428,103.057,98.334,91.743,93.923,94.256,93.31,99.053,101.25,98.431,93.661,102.352,85.226,105.31,101.791,134.4,84.348,95.238,94.177,93.72,90.58,88.453,94.523,93.276,91.251,98.749,93.833,94.427,94.6,93.583,94.496,91.807,92.124,96.709,111.252,93.435,91.06,96.048,96.323,91.348,91.74,1.05
2018,　　　부산광역시,91.452,91.736,117.371,100.024,101.444,100.263,103.453,98.334,95.856,95.232,95.986,94.091,99.686,98.174,98.896,96.635,103.058,85.115,106.535,104.745,137.299,92.126,96.117,98.048,97.517,92.997,94.999,101.278,97.621,94.813,98.749,96.993,95.8,95.485,95.912,95.481,97.071,94.265,97.091,111.252,93.665,92.632,97.558,96.933,99.099,89.117,0.98
2019,　　　부산광역시,93.562,97.821,108.932,99.666,102.703,101.306,101.979,98.358,98.506,99.774,98.609,97.538,99.491,98.629,98.847,97.493,103.732,91.073,104.484,105.724,105.673,97.607,98.228,100.0,100.125,95.089,97.437,100.0,99.18,99.365,99.987,98.172,99.216,99.277,98.536,96.483,98.857,97.429,100.0,120.623,97.763,96.472,99.737,99.3,99.978,96.063,0.92
2020,　　　부산광역시,100.0,100.0,100.0,100.0,100.0,100.0,100.0,100.0,100.0,100.0,100.0,100.0,100.0,100.0,100.0,100.0,100.0,100.0,100.0,100.0,100.0,100.0,100.0,100.0,100.0,100.0,100.0,100.0,100.0,100.0,100.0,100.0,100.0,100.0,100.0,100.0,100.0,100.0,100.0,100.0,100.0,100.0,100.0,100.0,100.0,100.0,0.84
2021,　　　부산광역시,98.22,100.0,97.82,98.05,99.07,100.63,98.99,100.31,100.61,100.0,101.25,100.0,98.47,102.67,101.37,106.5,99.48,101.26,95.78,88.29,102.91,101.07,100.83,98.95,100.57,109.39,116.48,100.0,107.39,99.92,100.45,103.15,104.95,102.81,108.22,102.68,103.07,100.0,99.73,107.46,105.96,99.93,100.0,100.22,103.31,104.17,0.81
2022,　　　부산광역시,98.35,100.15,96.03,99.97,100.51,104.12,102.73,100.32,105.16,101.28,106.8,100.53,98.6,112.26,103.64,114.52,102.5,107.18,101.88,70.54,103.93,104.85,101.42,100.06,104.89,109.39,125.32,100.0,111.51,98.85,103.13,104.0,105.91,103.62,112.1,104.29,106.33,103.42,103.73,110.01,111.12,103.05,100.67,103.7,107.34,112.84,0.78
2012,　　　대구광역시,102.215,93.241,201.658,101.949,99.636,98.398,89.749,89.448,76.668,85.463,91.137,93.95,89.963,91.04,92.005,79.641,87.668,80.59,97.258,109.285,107.684,72.77,94.058,91.531,84.355,79.506,78.884,96.829,80.927,86.063,92.749,84.21,80.873,79.879,83.629,79.453,74.978,77.332,94.766,106.47,91.699,78.845,90.444,70.51,95.567,90.285,1.3
2013,　　　대구광역시,98.096,95.247,196.027,109.979,95.713,100.121,94.373,91.265,77.671,89.629,91.119,93.95,89.778,92.298,91.781,81.4,88.248,82.054,95.406,82.386,87.231,74.763,93.669,91.531,86.463,90.035,79.022,96.829,82.882,85.053,94.599,87.266,87.777,86.681,87.807,82.467,76.094,82.018,96.371,108.184,89.094,82.753,91.442,76.31,94.975,92.321,1.19
2014,　　　대구광역시,108.44,94.794,176.261,106.254,93.645,97.224,96.559,91.465,79.98,93.451,91.119,93.95,90.74,95.958,94.703,85.956,90.227,85.206,93.519,85.953,86.27,77.335,94.564,91.531,89.526,93.545,84.503,96.829,85.584,90.556,94.442,89.621,88.773,86.983,89.773,83.546,82.79,87.353,96.231,108.184,86.806,84.087,92.904,82.965,94.159,89.592,1.21
2015,　　　대구광역시,113.013,98.969,157.692,106.511,88.127,94.747,97.734,95.359,86.986,93.923,91.216,93.95,93.583,97.778,93.384,88.151,93.503,89.607,94.537,90.989,92.51,79.777,95.012,95.034,90.177,93.545,85.462,99.476,87.736,92.235,94.442,90.247,89.872,88.768,91.454,83.613,85.467,90.534,95.129,109.348,87.957,86.445,93.371,89.302,91.64,88.464,1.24
2016,　　　대구광역시,105.099,97.386,143.824,106.498,91.959,91.026,99.661,95.855,88.343,93.923,92.789,93.95,98.685,102.41,94.501,90.032,97.045,90.528,98.053,93.645,97.404,81.117,96.003,95.325,92.524,93.545,87.74,100.0,89.177,91.643,97.979,91.869,93.516,90.34,93.378,88.088,88.337,93.837,96.66,111.252,92.78,90.435,93.869,90.842,92.096,91.044,1.17
2017,　　　대구광역시,103.064,98.899,131.35,103.405,97.07,94.027,103.04,98.334,91.743,93.923,94.256,93.31,99.394,104.693,94.234,91.785,99.05,90.697,105.31,95.689,101.107,84.348,96.333,98.831,94.049,98.386,88.453,100.0,93.276,93.823,98.749,95.517,96.472,91.584,95.027,93.135,90.85,95.797,96.709,111.252,97.933,94.91,97.003,91.849,93.86,93.366,1.05
2018,　　　대구광역시,98.897,91.736,117.371,100.161,101.444,97.843,103.444,98.334,95.856,95.232,95.986,94.091,99.255,100.525,96.826,96.571,100.321,91.112,106.535,97.794,100.273,92.126,98.187,100.0,97.42,100.0,94.999,100.0,97.621,96.65,98.749,97.703,97.132,93.97,96.166,96.323,93.52,96.917,97.091,111.252,97.801,96.949,99.737,96.129,97.029,95.952,0.98
2019,　　　대구광역시,98.91,97.821,108.932,99.483,102.703,99.845,101.969,98.358,98.506,99.774,98.609,97.538,99.447,98.397,98.308,99.178,103.215,94.849,104.484,99.712,98.729,97.607,100.254,100.0,100.219,100.0,97.437,100.0,99.18,97.841,99.987,99.7,98.92,97.712,96.934,97.648,96.493,96.917,100.0,120.623,98.467,98.16,100.0,99.29,97.888,98.021,0.92
2020,　　　대구광역시,100.0,100.0,100.0,100.0,100.0,100.0,100.0,100.0,100.0,100.0,100.0,100.0,100.0,100.0,100.0,100.0,100.0,100.0,100.0,100.0,100.0,100.0,100.0,100.0,100.0,100.0,100.0,100.0,100.0,100.0,100.0,100.0,100.0,100.0,100.0,100.0,100.0,100.0,100.0,100.0,100.0,100.0,100.0,100.0,100.0,100.0,0.84
2021,　　　대구광역시,98.01,100.0,97.82,98.24,99.07,100.0,98.99,100.31,100.61,100.0,101.25,100.0,99.87,102.62,100.57,104.45,98.57,100.97,95.78,97.42,101.06,101.07,100.24,102.05,102.76,100.0,116.48,100.0,107.39,104.25,100.45,101.96,103.45,102.14,104.3,102.29,101.67,103.04,99.73,107.46,103.04,100.67,100.0,104.19,102.21,101.61,0.81
2022,　　　대구광역시,99.31,100.15,96.03,101.3,100.51,101.16,102.73,100.32,105.16,101.28,106.8,100.53,99.17,105.26,107.92,112.6,100.77,100.47,101.88,78.7,99.51,104.85,100.73,107.23,107.43,100.0,125.32,100.0,111.51,109.01,103.13,105.61,105.58,107.55,113.81,106.84,108.7,105.79,103.73,110.01,107.0,103.64,100.0,108.68,104.14,102.57,0.78
2012,　　　인천광역시,101.299,93.254,213.748,101.412,93.355,96.629,89.774,89.448,76.668,85.463,91.137,93.95,91.892,78.221,99.046,79.624,97.771,86.404,96.956,158.201,141.43,72.77,90.375,86.739,82.683,83.279,79.025,83.293,80.927,94.359,92.749,85.936,86.116,85.844,82.695,86.243,76.039,86.494,94.766,106.47,81.531,84.417,90.829,78.007,90.539,77.02,1.3
2013,　　　인천광역시,101.816,94.702,200.347,106.275,92.311,97.501,94.385,91.265,77.671,89.629,91.119,93.95,89.976,82.477,96.364,81.266,96.81,85.334,94.769,119.135,107.124,74.763,93.302,89.455,84.405,85.237,79.025,90.068,82.882,97.169,94.599,87.673,87.763,89.004,87.497,90.851,78.359,93.292,96.371,108.184,84.894,86.661,92.265,79.276,91.551,79.873,1.19
2014,　　　인천광역시,108.179,94.772,178.692,104.873,92.016,96.16,96.579,91.465,79.98,93.451,91.119,93.95,91.32,92.709,98.526,88.832,101.947,90.017,94.112,118.334,112.043,77.335,97.509,91.869,86.67,88.051,84.117,99.552,85.584,96.754,94.442,90.128,89.306,90.039,89.26,91.133,81.427,95.262,96.231,108.184,95.657,86.569,92.518,84.293,93.126,82.566,1.21
2015,　　　인천광역시,112.524,98.969,157.692,104.553,88.127,96.453,97.749,95.359,86.986,93.923,91.216,93.95,92.813,94.384,97.951,91.24,104.52,93.34,94.537,124.475,120.515,79.777,97.953,90.662,87.24,90.221,85.462,99.552,87.736,91.586,94.442,91.831,92.404,92.776,91.245,92.739,83.326,95.262,95.129,109.348,98.051,89.405,94.547,87.504,93.85,85.33,1.24
2016,　　　인천광역시,106.503,97.386,143.824,105.143,91.959,96.365,99.676,95.855,88.343,93.923,92.789,93.95,97.12,95.65,100.279,90.68,105.202,93.708,98.053,122.841,126.003,81.117,97.953,89.307,90.392,92.717,87.74,99.552,89.177,88.728,97.979,94.564,93.747,95.049,94.808,94.647,88.185,93.9,96.66,111.252,99.686,90.696,96.239,89.702,94.89,87.938,1.17
2017,　　　인천광역시,102.729,98.899,131.35,102.524,97.07,97.708,103.058,98.334,91.743,93.923,94.256,93.31,98.707,96.856,98.779,93.389,106.22,94.665,105.31,123.676,129.68,84.348,97.953,89.996,91.611,90.949,88.453,93.334,93.276,90.491,98.749,95.118,95.348,95.584,95.059,95.029,90.166,94.72,96.709,111.252,100.971,92.989,96.239,94.257,95.869,91.541,1.05
2018,　　　인천광역시,97.697,91.736,117.371,100.207,101.444,98.013,103.455,98.334,95.856,95.232,95.986,94.091,99.961,96.48,98.836,96.306,105.509,94.791,106.535,125.629,106.721,92.126,98.962,96.408,96.015,94.397,94.999,100.0,97.621,94.026,98.749,95.118,95.992,96.524,97.5,98.257,94.643,95.034,97.091,111.252,100.971,94.311,96.239,97.767,95.786,94.379,0.98
2019,　　　인천광역시,99.952,97.821,108.932,99.273,102.703,99.81,101.983,98.358,98.506,99.774,98.609,97.538,99.575,97.972,99.837,97.694,105.587,97.003,104.484,109.888,99.534,97.607,99.481,98.75,100.021,97.767,97.437,100.0,99.18,95.652,99.987,96.346,96.385,96.524,99.29,98.983,96.097,95.421,100.0,120.623,100.162,97.297,99.135,100.0,95.982,96.574,0.92
2020,　　　인천광역시,100.0,100.0,100.0,100.0,100.0,100.0,100.0,100.0,100.0,100.0,100.0,100.0,100.0,100.0,100.0,100.0,100.0,100.0,100.0,100.0,100.0,100.0,100.0,100.0,100.0,100.0,100.0,100.0,100.0,100.0,100.0,100.0,100.0,100.0,100.0,100.0,100.0,100.0,100.0,100.0,100.0,100.0,100.0,100.0,100.0,100.0,0.84
2021,　　　인천광역시,101.34,100.0,97.82,98.08,99.07,100.28,98.99,100.31,100.61,100.0,101.25,100.0,98.85,101.34,100.95,107.77,100.14,100.0,95.78,87.59,100.21,101.07,100.18,100.0,101.33,101.86,116.48,100.0,107.39,101.0,100.45,102.11,102.12,102.7,106.29,108.59,103.39,100.73,99.73,107.46,98.93,99.18,101.13,100.6,102.27,100.71,0.81
2022,　　　인천광역시,104.57,100.15,96.03,100.33,100.51,102.6,102.73,100.32,105.16,101.28,106.8,100.53,99.15,103.83,102.26,116.04,102.9,104.37,101.88,45.03,100.44,104.85,101.3,100.0,106.75,108.18,125.32,100.0,111.51,104.52,103.13,105.51,102.62,104.77,110.2,113.34,108.07,106.21,103.73,110.01,99.81,101.27,102.83,102.77,107.93,105.26,0.78
2012,　　　광주광역시,106.335,91.857,202.848,97.324,99.514,92.575,89.774,89.448,76.668,85.463,91.137,93.95,94.203,93.594,92.266,84.409,95.793,86.313,94.081,134.073,114.403,72.77,90.33,88.415,84.059,71.48,78.388,104.348,80.927,81.696,92.749,87.102,77.575,81.333,79.407,73.909,82.014,70.568,94.766,106.47,108.397,91.366,92.636,82.361,96.644,81.203,1.3
2013,　　　광주광역시,107.217,93.097,194.794,103.258,94.577,92.964,94.384,91.265,77.671,89.629,91.119,93.95,94.93,95.554,92.606,88.904,96.188,86.8,95.23,97.974,90.804,74.763,97.539,91.573,86.096,72.881,78.388,104.348,82.882,78.557,94.599,93.528,86.361,89.003,87.3,76.603,83.076,83.056,96.371,108.184,109.095,94.083,93.932,83.862,91.91,85.445,1.19
2014,　　　광주광역시,113.249,94.785,174.865,102.471,93.366,95.177,96.577,91.465,79.98,93.451,91.119,93.95,96.055,101.277,94.614,93.473,97.459,92.013,93.544,96.174,94.025,77.335,99.106,95.17,88.845,72.881,84.283,104.348,85.584,81.371,94.442,96.164,90.447,90.102,89.288,79.872,86.569,83.743,96.231,108.184,110.309,95.141,94.364,89.689,92.799,87.759,1.21
2015,　　　광주광역시,116.599,98.969,157.692,103.956,88.127,94.315,97.749,95.359,86.986,93.923,91.216,93.95,96.985,101.148,97.819,94.7,99.56,95.917,94.537,100.674,102.046,79.777,99.931,100.0,89.968,82.231,85.462,104.348,87.736,85.596,94.442,98.307,92.781,92.644,89.288,82.436,89.61,84.942,95.129,109.348,110.316,96.214,96.628,90.147,92.799,87.903,1.24
2016,　　　광주광역시,109.668,97.386,143.824,105.282,91.959,93.28,99.677,95.855,88.343,93.923,92.789,93.95,98.413,102.15,97.796,94.736,100.26,95.877,98.053,106.365,106.521,81.117,99.459,100.0,92.779,90.239,87.74,104.348,89.177,90.877,97.979,98.59,94.096,94.107,89.288,84.448,91.192,93.831,96.66,111.252,108.513,96.324,98.415,94.797,93.715,89.531,1.17
2017,　　　광주광역시,104.741,98.899,131.35,103.247,97.07,94.794,103.066,98.334,91.743,93.923,94.256,93.31,98.322,102.603,97.784,96.918,102.715,97.776,105.31,105.987,108.47,84.348,99.459,100.0,94.941,90.239,88.453,104.348,93.276,92.212,98.749,99.437,96.84,96.808,90.886,91.06,93.993,96.517,96.709,111.252,105.51,96.324,98.415,96.71,96.484,92.711,1.05
2018,　　　광주광역시,98.769,91.736,117.371,101.364,101.444,96.725,103.455,98.334,95.856,95.232,95.986,94.091,98.379,100.524,97.904,98.846,102.718,97.009,106.535,108.987,110.081,92.126,99.459,100.0,95.814,90.239,94.999,104.348,97.621,92.212,98.749,99.437,97.469,98.53,94.689,94.613,96.255,98.23,97.091,111.252,103.699,96.324,98.415,98.666,97.745,95.526,0.98
2019,　　　광주광역시,98.147,97.821,108.932,99.933,102.703,99.514,101.983,98.358,98.506,99.774,98.609,97.538,99.206,99.503,99.106,98.759,103.815,97.118,104.484,111.233,109.87,97.607,99.549,100.0,98.234,90.239,97.437,104.348,99.18,99.346,99.987,99.437,98.847,99.511,95.342,96.993,98.415,98.573,100.0,120.623,100.944,98.374,100.0,99.288,98.309,97.81,0.92
2020,　　　광주광역시,100.0,100.0,100.0,100.0,100.0,100.0,100.0,100.0,100.0,100.0,100.0,100.0,100.0,100.0,100.0,100.0,100.0,100.0,100.0,100.0,100.0,100.0,100.0,100.0,100.0,100.0,100.0,100.0,100.0,100.0,100.0,100.0,100.0,100.0,100.0,100.0,100.0,100.0,100.0,100.0,100.0,100.0,100.0,100.0,100.0,100.0,0.84
2021,　　　광주광역시,102.18,100.0,97.82,98.25,99.07,100.08,98.99,100.31,100.61,100.0,101.25,100.0,99.19,99.79,103.29,107.97,99.75,101.23,95.78,92.02,92.8,101.07,100.28,100.0,102.44,106.56,116.48,104.54,107.39,100.42,100.45,101.66,102.26,101.51,103.9,100.97,105.99,100.38,99.73,107.46,99.77,106.09,100.0,98.96,101.59,102.21,0.81
2022,　　　광주광역시,103.33,100.15,96.03,101.2,100.51,102.78,102.73,100.32,105.16,101.28,106.8,100.53,100.39,107.79,113.4,112.65,101.11,102.72,101.88,80.01,90.79,104.85,101.38,101.14,105.31,106.56,125.32,104.54,111.51,106.26,103.13,102.15,104.07,105.64,109.98,103.84,111.8,108.94,103.73,110.01,103.56,112.72,100.0,102.98,102.12,103.09,0.78
2012,　　　대전광역시,102.103,94.291,211.736,98.93,102.938,99.833,89.771,89.448,76.668,85.463,91.137,93.95,90.837,91.383,85.141,82.025,94.927,89.695,95.646,131.388,153.181,72.77,89.288,93.862,88.141,72.529,75.966,100.0,80.927,88.108,92.749,85.961,89.912,79.614,86.322,82.429,79.533,75.82,94.766,106.47,88.824,83.595,84.904,78.7,87.982,93.289,1.3
2013,　　　대전광역시,101.656,95.359,202.167,107.63,98.527,98.254,94.374,91.265,77.671,89.629,91.119,93.95,89.629,97.448,84.419,84.274,94.779,89.009,96.955,110.749,112.217,74.763,91.216,93.862,89.822,73.98,75.966,100.0,82.882,88.518,94.599,89.122,92.946,81.159,86.95,83.735,80.946,84.073,96.371,108.184,88.887,87.062,84.904,86.071,90.635,95.734,1.19
2014,　　　대전광역시,108.708,95.783,180.011,106.341,93.966,95.41,96.571,91.465,79.98,93.451,91.119,93.95,90.439,98.767,89.144,87.386,96.79,90.954,97.934,108.79,114.135,77.335,92.761,93.862,92.0,75.461,83.405,100.0,85.584,97.911,94.442,89.099,93.301,82.358,87.894,90.152,84.469,92.933,96.231,108.184,86.61,88.96,85.014,87.231,93.406,94.756,1.21
2015,　　　대전광역시,114.177,98.969,157.692,107.067,88.127,94.925,97.741,95.359,86.986,93.923,91.216,93.95,93.413,99.511,89.274,92.178,97.831,93.601,94.537,119.206,121.487,79.777,95.367,97.343,92.552,87.788,85.462,100.0,87.736,89.7,94.442,89.938,93.506,85.172,92.938,93.318,90.654,95.201,95.129,109.348,86.61,92.04,87.245,89.52,95.566,96.778,1.24
2016,　　　대전광역시,107.407,97.386,143.824,106.821,91.959,97.035,99.669,95.855,88.343,93.923,92.789,93.95,97.754,101.724,87.996,92.866,96.663,93.807,98.053,121.218,122.955,81.117,95.367,99.192,94.001,88.66,87.74,100.0,89.177,95.409,97.979,89.938,93.777,89.603,94.554,94.756,91.515,94.688,96.66,111.252,86.61,97.096,87.96,89.544,96.204,97.332,1.17
2017,　　　대전광역시,106.269,98.899,131.35,102.695,97.07,98.563,103.058,98.334,91.743,93.923,94.256,93.31,98.576,100.629,87.118,94.78,96.225,93.925,105.31,121.924,123.876,84.348,96.572,107.948,95.797,91.919,88.453,100.0,93.276,94.402,98.749,89.938,94.039,92.175,97.093,95.735,91.515,94.382,96.709,111.252,92.709,97.671,87.96,90.335,97.659,100.877,1.05
2018,　　　대전광역시,100.346,91.736,117.371,98.73,101.444,100.27,103.447,98.334,95.856,95.232,95.986,94.091,99.578,97.91,89.553,99.28,96.75,92.977,106.535,121.449,124.708,92.126,97.565,109.861,98.362,92.215,94.999,100.0,97.621,94.542,98.749,94.487,95.676,93.007,98.42,97.268,95.343,95.021,97.091,111.252,98.028,98.086,89.603,94.675,97.659,101.674,0.98
2019,　　　대전광역시,98.131,97.821,108.932,97.213,102.703,100.319,101.976,98.358,98.506,99.774,98.609,97.538,99.546,97.263,94.613,101.565,99.292,97.168,104.484,106.872,103.396,97.607,98.765,103.781,100.133,97.246,97.437,100.0,99.18,96.632,99.987,97.801,97.732,98.13,100.0,98.731,100.0,95.021,100.0,120.623,99.808,100.031,94.708,99.056,99.097,101.256,0.92
2020,　　　대전광역시,100.0,100.0,100.0,100.0,100.0,100.0,100.0,100.0,100.0,100.0,100.0,100.0,100.0,100.0,100.0,100.0,100.0,100.0,100.0,100.0,100.0,100.0,100.0,100.0,100.0,100.0,100.0,100.0,100.0,100.0,100.0,100.0,100.0,100.0,100.0,100.0,100.0,100.0,100.0,100.0,100.0,100.0,100.0,100.0,100.0,100.0,0.84
2021,　　　대전광역시,101.84,100.0,97.82,98.33,99.07,99.19,98.99,100.31,100.61,100.0,101.25,100.0,99.92,101.07,98.16,107.79,100.16,100.68,95.78,94.54,106.26,101.07,100.13,100.0,101.32,101.44,116.48,100.0,107.39,103.24,100.45,100.09,102.26,100.88,101.6,101.57,104.37,101.1,99.73,107.46,69.87,102.01,103.63,100.83,104.89,102.17,0.81
2022,　　　대전광역시,104.06,100.15,96.03,101.01,100.51,99.05,102.73,100.32,105.16,101.28,106.8,100.53,99.63,108.82,101.92,114.26,100.42,102.1,101.88,87.38,107.65,104.85,102.39,106.3,106.48,101.44,125.32,100.0,111.51,103.97,103.13,103.53,104.33,102.03,105.27,106.72,104.92,101.1,103.73,110.01,87.0,103.57,110.41,104.75,106.94,106.14,0.78
2012,　　　울산광역시,99.422,94.381,207.188,102.061,102.669,102.344,89.827,89.448,76.668,85.463,91.137,93.95,88.928,94.875,93.16,76.497,93.149,79.119,114.451,124.003,157.385,72.77,95.048,99.168,78.709,65.801,77.474,83.333,80.927,81.447,92.749,86.772,87.796,82.919,80.061,80.425,75.12,70.297,94.766,106.47,99.896,84.586,85.86,84.287,88.156,94.833,1.3
2013,　　　울산광역시,99.074,94.713,199.392,106.956,99.667,102.55,94.431,91.265,77.671,89.629,91.119,93.95,87.743,99.194,93.661,78.317,92.622,78.816,100.11,96.17,105.862,74.763,95.147,100.0,80.539,65.801,79.304,83.333,82.882,83.143,94.599,90.631,92.439,89.718,83.479,83.976,77.422,78.942,96.371,108.184,97.075,92.263,89.102,88.611,89.678,96.34,1.19
2014,　　　울산광역시,105.713,95.318,176.319,105.845,95.655,98.756,96.624,91.465,79.98,93.451,91.119,93.95,90.21,101.082,95.166,84.523,96.129,83.481,94.112,96.977,108.015,77.335,95.147,100.0,82.985,65.801,84.455,83.333,85.584,83.143,94.442,95.318,93.143,89.718,83.058,89.001,83.628,81.062,96.231,108.184,92.053,91.526,90.396,91.006,90.573,96.817,1.21
2015,　　　울산광역시,110.108,98.969,157.692,106.943,88.127,94.519,97.796,95.359,86.986,93.923,91.216,93.95,92.254,101.083,94.253,95.385,99.874,88.356,94.537,104.899,114.593,79.777,95.144,100.0,84.823,74.028,85.462,83.333,87.736,81.287,94.442,95.654,95.405,92.633,86.119,90.091,85.975,82.573,95.129,109.348,94.542,92.672,91.69,93.756,90.745,97.201,1.24
2016,　　　울산광역시,104.908,97.386,143.824,107.746,91.959,92.992,99.727,95.855,88.343,93.923,92.789,93.95,96.429,102.76,92.564,93.852,101.1,88.296,98.053,108.019,117.706,81.117,95.116,100.0,88.579,79.018,87.74,93.055,89.177,81.069,97.979,98.313,95.94,97.397,89.408,91.772,88.382,83.701,96.66,111.252,96.159,94.731,98.64,94.381,90.293,96.763,1.17
2017,　　　울산광역시,97.732,98.899,131.35,104.314,97.07,94.832,103.112,98.334,91.743,93.923,94.256,93.31,97.614,102.871,92.992,95.615,103.323,88.476,105.31,108.795,120.351,84.348,97.682,100.0,93.17,82.546,88.453,100.0,93.276,83.375,98.749,100.013,97.081,98.277,93.11,96.279,92.173,85.253,96.709,111.252,101.276,97.528,98.64,96.139,95.461,97.58,1.05
2018,　　　울산광역시,97.631,91.736,117.371,103.014,101.444,97.639,103.496,98.334,95.856,95.232,95.986,94.091,98.512,98.728,94.412,97.933,104.309,88.493,106.535,109.956,120.794,92.126,98.621,100.0,97.538,86.485,94.999,100.0,97.621,94.163,98.749,100.15,98.372,99.5,93.378,98.271,94.917,97.453,97.091,111.252,100.396,97.825,99.9,98.873,96.622,97.58,0.98
2019,　　　울산광역시,99.137,97.821,108.932,100.931,102.703,99.338,102.023,98.358,98.506,99.774,98.609,97.538,98.777,98.942,97.477,98.858,104.828,92.241,104.484,103.397,124.662,97.607,100.0,100.0,99.184,90.423,97.437,100.0,99.18,96.702,99.987,100.56,100.287,99.5,97.959,100.0,97.888,100.0,100.0,120.623,99.754,99.724,100.015,99.044,97.024,100.0,0.92
2020,　　　울산광역시,100.0,100.0,100.0,100.0,100.0,100.0,100.0,100.0,100.0,100.0,100.0,100.0,100.0,100.0,100.0,100.0,100.0,100.0,100.0,100.0,100.0,100.0,100.0,100.0,100.0,100.0,100.0,100.0,100.0,100.0,100.0,100.0,100.0,100.0,100.0,100.0,100.0,100.0,100.0,100.0,100.0,100.0,100.0,100.0,100.0,100.0,0.84
2021,　　　울산광역시,100.44,100.0,97.82,98.1,99.07,101.52,98.99,100.31,100.61,100.0,101.25,100.0,97.76,99.48,100.87,105.49,101.42,101.53,95.78,78.55,83.71,101.07,100.04,100.0,101.71,110.12,116.48,100.0,107.39,105.88,100.45,98.97,97.79,102.54,102.88,101.65,103.28,100.0,99.73,107.46,97.17,100.4,100.0,103.64,100.22,100.8,0.81
2022,　　　울산광역시,97.42,100.15,96.03,100.16,100.51,105.48,102.73,100.32,105.16,101.28,106.8,100.53,100.05,109.07,104.07,111.83,103.54,103.45,101.88,65.51,84.09,104.85,101.37,100.0,103.86,114.82,125.32,100.0,111.51,108.51,103.13,100.26,99.04,105.86,108.34,110.02,108.35,101.72,103.73,110.01,103.11,102.47,100.01,105.69,106.71,105.28,0.78
2012,　　　경기도,104.461,94.489,207.39,98.337,100.893,95.519,89.796,89.448,76.668,85.463,91.137,93.95,92.501,90.538,91.744,80.899,93.238,85.305,96.147,105.219,133.256,72.77,101.854,89.164,83.653,91.912,77.15,95.086,80.927,85.241,92.749,86.58,83.319,85.274,82.941,80.639,78.934,85.523,94.766,106.47,88.828,85.486,90.311,84.869,88.128,92.008,1.3
2013,　　　경기도,105.144,95.994,197.83,105.919,97.204,94.007,94.408,91.265,77.671,89.629,91.119,93.95,91.382,91.96,91.992,83.212,94.501,85.252,95.467,83.445,96.145,74.763,104.134,91.501,85.56,93.739,77.933,95.521,82.882,87.257,94.599,89.607,86.92,88.43,85.147,82.149,80.707,89.531,96.371,108.184,89.827,87.932,91.401,87.726,89.614,91.638,1.19
2014,　　　경기도,112.785,96.283,177.455,104.842,94.383,92.733,96.602,91.465,79.98,93.451,91.119,93.95,92.166,96.354,95.687,88.257,96.275,90.095,95.04,83.796,96.978,77.335,104.278,92.553,88.201,94.191,83.905,95.873,85.584,88.542,94.442,92.791,88.972,89.321,86.928,83.771,83.594,90.45,96.231,108.184,90.62,89.471,92.318,89.822,90.857,92.497,1.21
2015,　　　경기도,117.32,98.969,157.692,105.364,88.127,92.91,97.773,95.359,86.986,93.923,91.216,93.95,94.613,97.788,95.369,91.51,98.575,93.938,94.537,91.013,101.407,79.777,104.763,96.007,88.971,94.919,85.462,99.82,87.736,91.049,94.442,94.953,91.408,91.069,88.185,86.682,86.497,93.324,95.129,109.348,92.816,91.671,93.193,91.733,91.527,94.99,1.24
2016,　　　경기도,109.959,97.386,143.824,106.354,91.959,92.12,99.702,95.855,88.343,93.923,92.789,93.95,98.672,99.919,94.692,92.71,99.864,93.76,98.053,94.4,104.901,81.117,106.87,97.16,91.456,95.86,87.74,99.82,89.177,91.199,97.979,96.887,92.69,92.793,89.935,89.745,88.526,95.049,96.66,111.252,95.24,93.089,94.528,92.232,92.335,97.304,1.17
2017,　　　경기도,104.841,98.899,131.35,103.935,97.07,94.885,103.087,98.334,91.743,93.923,94.256,93.31,99.019,100.491,93.606,94.082,101.602,93.731,105.31,95.891,102.405,84.348,107.87,96.594,93.867,97.42,88.453,98.802,93.276,91.944,98.749,96.771,93.083,94.959,93.23,91.798,91.557,95.173,96.709,111.252,98.656,94.372,96.036,92.895,92.817,97.286,1.05
2018,　　　경기도,99.261,91.736,117.371,101.647,101.444,98.317,103.471,98.334,95.856,95.232,95.986,94.091,99.686,97.948,95.584,96.564,102.12,94.064,106.535,98.542,98.699,92.126,110.074,96.984,96.607,98.277,94.999,99.601,97.621,95.473,98.749,98.483,95.908,97.386,95.065,94.411,93.999,96.605,97.091,111.252,98.663,97.451,97.567,95.805,96.77,98.616,0.98
2019,　　　경기도,97.747,97.821,108.932,100.337,102.703,99.478,102.001,98.358,98.506,99.774,98.609,97.538,99.217,97.074,99.23,98.898,103.064,96.858,104.484,102.139,99.398,97.607,101.985,98.281,99.582,98.397,97.437,100.0,99.18,98.759,99.987,98.991,97.964,98.876,96.913,97.002,96.921,97.718,100.0,120.623,99.777,98.239,98.831,98.138,98.54,98.583,0.92
2020,　　　경기도,100.0,100.0,100.0,100.0,100.0,100.0,100.0,100.0,100.0,100.0,100.0,100.0,100.0,100.0,100.0,100.0,100.0,100.0,100.0,100.0,100.0,100.0,100.0,100.0,100.0,100.0,100.0,100.0,100.0,100.0,100.0,100.0,100.0,100.0,100.0,100.0,100.0,100.0,100.0,100.0,100.0,100.0,100.0,100.0,100.0,100.0,0.84
2021,　　　경기도,101.7,100.0,97.82,97.88,99.07,100.22,98.99,100.31,100.61,100.0,101.25,100.0,99.05,101.05,101.72,107.16,98.63,100.86,95.78,96.27,101.28,101.07,100.6,100.95,102.31,102.76,116.48,99.12,107.39,102.02,100.45,100.98,100.95,100.75,102.52,102.06,103.49,101.49,99.73,107.46,101.35,101.19,100.91,101.89,101.67,101.31,0.81
2022,　　　경기도,102.44,100.15,96.03,99.89,100.51,101.23,102.73,100.32,105.16,101.28,106.8,100.53,99.02,105.46,106.48,114.43,99.99,102.93,101.88,92.62,102.16,104.85,103.38,104.91,108.53,111.39,125.32,100.91,111.51,105.77,103.13,103.23,102.98,101.68,107.91,107.19,108.2,104.87,103.73,110.01,104.8,103.66,101.82,105.68,104.69,105.21,0.78
2012,　　　강원도,107.008,95.335,206.101,105.194,99.813,94.676,89.813,89.448,76.668,85.463,91.137,93.95,94.908,88.047,91.85,83.024,98.683,90.646,97.021,107.963,137.625,72.77,85.353,81.871,83.048,91.126,73.71,100.0,80.927,88.253,92.749,87.591,85.863,85.43,79.43,75.405,74.783,74.876,94.766,106.47,97.558,88.309,88.914,81.919,82.583,87.477,1.3
2013,　　　강원도,108.226,95.284,197.204,112.663,96.814,93.812,94.424,91.265,77.671,89.629,91.119,93.95,93.126,94.2,93.244,83.232,99.821,91.245,94.769,79.152,101.877,74.763,88.914,92.29,84.871,99.54,75.425,100.0,82.882,88.253,94.599,90.79,89.457,88.133,80.843,77.205,77.717,78.853,96.371,108.184,97.935,89.817,91.369,86.853,84.395,89.061,1.19
2014,　　　강원도,115.66,95.934,176.652,111.735,93.63,91.856,96.614,91.465,79.98,93.451,91.119,93.95,93.834,96.694,96.821,87.352,99.149,93.235,94.112,79.994,98.585,77.335,89.812,97.123,87.288,100.0,82.371,100.0,85.584,86.397,94.442,92.859,90.269,88.923,82.265,81.356,79.309,82.278,96.231,108.184,101.887,90.614,91.86,88.251,85.464,91.628,1.21
2015,　　　강원도,119.64,98.969,157.692,112.249,88.127,90.618,97.787,95.359,86.986,93.923,91.216,93.95,94.835,94.956,98.486,89.1,99.867,96.107,94.537,89.765,102.105,79.777,90.312,97.466,87.889,100.0,85.462,100.0,87.736,83.832,94.442,92.947,92.623,91.37,86.144,86.054,83.442,88.184,95.129,109.348,98.687,93.313,92.842,90.454,87.07,92.675,1.24
2016,　　　강원도,111.64,97.386,143.824,111.228,91.959,88.922,99.717,95.855,88.343,93.923,92.789,93.95,99.282,98.402,97.572,90.203,100.227,96.476,98.053,92.735,109.647,81.117,91.268,97.466,90.015,100.0,87.74,100.0,89.177,85.754,97.979,94.256,95.232,93.031,86.859,87.729,87.851,89.458,96.66,111.252,96.261,94.078,93.575,94.067,88.945,94.698,1.17
2017,　　　강원도,107.376,98.899,131.35,107.788,97.07,91.401,103.103,98.334,91.743,93.923,94.256,93.31,98.751,98.705,95.942,90.804,101.368,94.63,105.31,93.456,95.056,84.348,91.913,97.466,91.808,100.0,88.453,100.0,93.276,87.578,98.749,95.107,96.163,95.653,88.199,89.818,91.276,92.811,96.709,111.252,96.275,96.981,93.575,95.522,90.631,95.887,1.05
2018,　　　강원도,98.172,91.736,117.371,102.378,101.444,96.689,103.496,98.334,95.856,95.232,95.986,94.091,99.438,97.078,97.442,93.527,99.483,93.441,106.535,97.952,93.981,92.126,93.486,98.1,95.934,100.0,94.999,117.507,97.621,91.392,98.749,96.079,96.897,96.646,95.321,95.101,93.807,94.851,97.091,111.252,98.82,98.841,93.575,97.186,96.024,96.637,0.98
2019,　　　강원도,96.605,97.821,108.932,99.827,102.703,99.768,102.022,98.358,98.506,99.774,98.609,97.538,99.569,96.527,97.281,96.429,99.958,97.532,104.484,101.227,97.818,97.607,96.787,100.0,98.04,100.0,97.437,100.0,99.18,97.448,99.987,97.987,98.31,97.493,97.132,97.768,99.457,96.174,100.0,120.623,100.887,99.247,94.801,98.688,98.452,99.602,0.92
2020,　　　강원도,100.0,100.0,100.0,100.0,100.0,100.0,100.0,100.0,100.0,100.0,100.0,100.0,100.0,100.0,100.0,100.0,100.0,100.0,100.0,100.0,100.0,100.0,100.0,100.0,100.0,100.0,100.0,100.0,100.0,100.0,100.0,100.0,100.0,100.0,100.0,100.0,100.0,100.0,100.0,100.0,100.0,100.0,100.0,100.0,100.0,100.0,0.84
2021,　　　강원도,101.32,100.0,97.82,97.99,99.07,100.08,98.99,100.31,100.61,100.0,101.25,100.0,99.34,101.46,103.87,109.94,99.48,102.23,95.78,93.77,100.32,101.07,99.53,100.0,102.31,100.0,116.48,103.87,107.39,101.13,100.45,99.51,99.79,100.53,102.7,102.46,100.79,104.78,99.73,107.46,71.79,100.06,100.0,105.99,102.62,101.16,0.81
2022,　　　강원도,102.73,100.15,96.03,100.71,100.51,101.62,102.73,100.32,105.16,101.28,106.8,100.53,99.5,106.69,108.18,116.05,100.67,103.46,101.88,87.88,101.29,104.85,102.83,100.34,107.09,100.0,125.32,103.87,111.51,102.49,103.13,100.67,102.01,102.22,107.13,103.36,105.99,109.85,103.73,110.01,83.68,100.33,100.0,111.69,104.59,105.53,0.78
2012,　　　충청북도,95.592,93.222,206.503,97.356,102.837,96.618,89.774,89.448,76.668,85.463,91.137,93.95,92.283,87.946,93.71,81.309,95.19,91.222,97.793,126.899,187.04,72.77,77.096,83.188,84.162,72.528,81.386,100.0,80.927,77.659,92.749,92.173,86.378,91.935,76.895,85.957,78.918,84.545,94.766,106.47,91.189,84.874,95.854,71.565,93.006,94.899,1.3
2013,　　　충청북도,97.008,95.195,200.45,105.662,96.627,95.004,94.401,91.265,77.671,89.629,91.119,93.95,91.112,96.74,95.093,85.045,97.189,92.647,94.435,77.567,131.122,74.763,80.97,83.188,85.766,73.98,82.046,100.0,82.882,77.659,94.599,97.096,89.358,92.408,81.545,90.071,83.74,86.905,96.371,108.184,91.438,89.807,97.012,72.886,97.586,93.73,1.19
2014,　　　충청북도,103.438,96.16,179.817,104.775,94.003,93.866,96.583,91.465,79.98,93.451,91.119,93.95,91.625,99.049,98.283,90.004,97.959,90.851,93.486,82.344,129.87,77.335,80.97,83.188,87.845,75.46,84.426,100.0,85.584,77.659,94.442,97.211,91.881,93.84,83.415,93.619,85.414,88.022,96.231,108.184,89.273,89.295,97.012,79.668,98.555,94.668,1.21
2015,　　　충청북도,106.761,98.969,157.692,105.247,88.127,93.361,97.763,95.359,86.986,93.923,91.216,93.95,93.505,97.43,97.794,89.295,98.425,91.219,94.537,93.668,129.731,79.777,87.006,83.188,88.372,87.788,85.462,100.0,87.736,81.004,94.442,96.562,92.906,95.716,85.594,93.914,87.175,90.703,95.129,109.348,88.55,90.778,97.012,80.985,99.577,97.654,1.24
2016,　　　충청북도,104.611,97.386,143.824,105.233,91.959,91.96,99.692,95.855,88.343,93.923,92.789,93.95,98.254,99.121,96.816,90.974,98.605,91.33,98.053,101.664,133.967,81.117,87.731,86.161,90.148,88.66,87.74,100.0,89.177,84.057,97.979,96.562,94.056,96.528,86.724,94.911,90.136,93.667,96.66,111.252,91.015,90.227,99.004,82.451,101.809,98.454,1.17
2017,　　　충청북도,103.114,98.899,131.35,103.176,97.07,93.919,103.078,98.334,91.743,93.923,94.256,93.31,99.12,99.9,94.291,90.359,99.587,90.909,105.31,106.287,102.061,84.348,91.409,95.3,91.843,91.919,88.453,100.0,93.276,90.691,98.749,98.209,94.545,97.642,88.92,98.208,92.112,95.316,96.709,111.252,94.069,88.977,100.0,85.574,101.921,100.743,1.05
2018,　　　충청북도,102.297,91.736,117.371,101.183,101.444,98.705,103.47,98.334,95.856,95.232,95.986,94.091,99.335,97.796,95.521,92.988,99.872,91.146,106.535,111.716,95.206,92.126,95.458,95.3,94.834,92.215,94.999,100.0,97.621,93.68,98.749,98.986,96.15,98.094,92.726,98.516,96.019,99.033,97.091,111.252,98.733,92.39,99.955,92.662,103.933,102.379,0.98
2019,　　　충청북도,102.496,97.821,108.932,99.916,102.703,100.045,101.996,98.358,98.506,99.774,98.609,97.538,98.828,98.366,97.373,94.922,99.779,94.529,104.484,113.675,98.172,97.607,97.667,96.475,98.865,97.246,97.437,100.0,99.18,99.258,99.987,99.762,97.899,98.912,95.879,99.753,99.494,100.0,100.0,120.623,99.582,96.669,100.0,97.377,101.256,106.732,0.92
2020,　　　충청북도,100.0,100.0,100.0,100.0,100.0,100.0,100.0,100.0,100.0,100.0,100.0,100.0,100.0,100.0,100.0,100.0,100.0,100.0,100.0,100.0,100.0,100.0,100.0,100.0,100.0,100.0,100.0,100.0,100.0,100.0,100.0,99.99,100.0,100.0,99.99,100.0,100.0,100.0,100.0,100.0,100.0,100.0,100.0,100.0,100.0,100.0,0.84
2021,　　　충청북도,100.59,100.0,97.82,97.57,99.07,101.31,98.99,100.31,100.61,100.0,101.25,100.0,99.04,101.88,101.13,106.2,100.92,102.75,95.78,79.63,100.91,101.07,100.12,100.0,101.12,101.44,116.48,100.0,107.39,100.21,100.45,103.62,104.48,101.22,103.27,102.23,99.79,102.87,99.73,107.46,68.22,101.91,100.71,101.01,100.51,112.24,0.81
2022,　　　충청북도,103.65,100.15,96.03,99.53,100.51,105.9,102.73,100.32,105.16,101.28,106.8,100.53,99.11,107.28,105.14,113.17,102.55,106.21,101.88,66.2,100.62,104.85,103.96,103.94,103.96,101.44,125.32,100.0,111.51,103.56,103.13,106.77,105.01,101.36,105.91,105.56,111.74,104.68,103.73,110.01,68.59,107.57,103.08,104.11,108.32,120.54,0.78
2012,　　　충청남도,98.752,95.148,204.88,99.322,101.411,99.348,89.775,89.448,76.668,85.463,91.137,93.95,93.548,90.892,90.224,85.686,96.828,91.028,94.839,212.172,167.433,72.77,88.015,93.176,86.586,58.418,82.882,101.709,80.927,84.639,92.749,85.769,81.906,91.254,80.923,83.972,84.07,96.725,94.766,106.47,86.308,76.436,97.302,84.817,90.045,102.364,1.3
2013,　　　충청남도,99.307,95.305,196.373,106.53,94.927,99.22,94.376,91.265,77.671,89.629,91.119,93.95,91.06,92.732,91.073,84.353,97.559,92.643,94.903,159.025,121.069,74.763,90.175,94.778,88.238,60.724,82.156,101.709,82.882,85.293,94.599,89.032,86.47,92.505,83.342,86.012,85.084,92.607,96.371,108.184,93.616,80.406,99.803,83.89,90.738,101.688,1.19
2014,　　　충청남도,106.408,95.83,179.757,106.016,92.932,95.35,96.569,91.465,79.98,93.451,91.119,93.95,90.973,95.984,95.842,92.6,97.801,93.623,95.18,151.259,114.609,77.335,91.778,94.778,90.377,75.061,84.479,104.758,85.584,82.008,94.442,90.43,88.511,93.11,84.006,88.683,86.677,94.231,96.231,108.184,94.673,84.083,95.978,88.011,91.736,98.498,1.21
2015,　　　충청남도,110.324,98.969,157.692,105.317,88.127,92.366,97.741,95.359,86.986,93.923,91.216,93.95,95.492,99.0,95.592,93.725,99.443,93.401,94.537,158.183,121.642,79.777,92.026,94.778,90.917,85.911,85.462,120.005,87.736,83.886,94.442,92.603,90.336,94.377,84.827,92.215,89.816,94.767,95.129,109.348,93.944,88.552,93.275,90.129,94.095,96.275,1.24
2016,　　　충청남도,104.944,97.386,143.824,105.621,91.959,90.729,99.671,95.855,88.343,93.923,92.789,93.95,99.786,100.304,95.404,93.996,99.74,93.399,98.053,162.119,124.04,81.117,91.962,94.778,92.709,85.911,87.74,120.005,89.177,87.932,97.979,96.548,94.647,97.274,88.049,95.339,91.649,95.764,96.66,111.252,92.106,91.183,93.648,90.539,96.219,96.039,1.17
2017,　　　충청남도,99.741,98.899,131.35,103.334,97.07,94.3,103.067,98.334,91.743,93.923,94.256,93.31,99.327,101.192,95.908,95.123,98.385,92.75,105.31,165.462,127.545,84.348,93.364,94.778,94.3,94.541,88.453,110.003,93.276,85.677,98.749,97.675,95.861,98.613,92.623,97.605,93.312,96.365,96.709,111.252,89.409,91.572,94.211,92.434,96.562,91.919,1.05
2018,　　　충청남도,98.41,91.736,117.371,100.749,101.444,95.875,103.463,98.334,95.856,95.232,95.986,94.091,100.121,99.758,96.681,96.896,99.409,94.291,106.535,164.666,130.008,92.126,96.512,96.445,97.267,98.445,94.999,100.0,97.621,94.394,98.749,98.989,96.889,99.018,96.499,99.65,94.884,98.354,97.091,111.252,93.259,93.607,98.147,96.471,98.124,95.874,0.98
2019,　　　충청남도,98.576,97.821,108.932,99.858,102.703,97.138,101.987,98.358,98.506,99.774,98.609,97.538,99.763,98.048,98.822,97.799,99.804,96.708,104.484,138.651,111.945,97.607,98.512,99.195,98.769,99.741,97.437,100.0,99.18,95.458,99.987,99.302,99.127,99.239,99.501,100.0,97.766,98.788,100.0,120.623,97.345,95.492,100.0,98.448,99.001,97.505,0.92
2020,　　　충청남도,100.0,100.0,100.0,100.0,100.0,100.0,100.0,100.0,100.0,100.0,100.0,100.0,100.0,100.0,100.0,100.0,100.0,100.0,100.0,100.0,100.0,100.0,100.0,100.0,100.0,100.0,100.0,100.0,100.0,100.0,100.0,100.0,100.0,100.0,100.0,100.0,100.0,100.0,100.0,100.0,100.0,100.0,100.0,100.0,100.0,100.0,0.84
2021,　　　충청남도,100.85,100.0,97.82,98.11,99.07,100.88,98.99,100.31,100.61,100.0,101.25,100.0,99.77,101.99,101.7,109.49,101.25,101.64,95.78,77.75,93.04,101.07,100.67,101.73,102.57,100.0,116.48,100.0,107.39,108.11,100.45,100.45,100.87,100.1,101.58,101.29,100.43,102.53,99.73,107.46,79.88,105.38,100.67,101.59,105.63,100.44,0.81
2022,　　　충청남도,100.52,100.15,96.03,100.65,100.51,103.06,102.73,100.32,105.16,101.28,106.8,100.53,100.38,107.03,106.62,115.22,102.26,105.15,101.88,31.4,74.3,104.85,103.45,104.85,106.58,102.44,125.32,100.0,111.51,112.55,103.13,101.21,104.24,100.97,104.16,102.52,107.12,109.89,103.73,110.01,56.04,106.13,98.35,104.7,110.4,102.95,0.78
2012,　　　전라북도,99.635,93.143,217.777,93.438,102.851,88.712,89.765,89.448,76.668,85.463,91.137,93.95,94.126,88.1,89.31,80.307,93.047,85.599,112.683,154.875,96.679,72.77,94.234,90.288,83.869,80.498,77.837,85.056,80.927,82.567,92.749,87.973,87.529,88.621,80.529,79.146,81.761,63.029,94.766,106.47,89.926,87.935,82.937,87.272,87.101,91.016,1.3
2013,　　　전라북도,99.727,93.205,205.851,100.806,98.163,89.167,94.376,91.265,77.671,89.629,91.119,93.95,91.959,91.376,89.645,82.312,94.033,87.752,98.624,106.785,81.556,74.763,94.987,90.469,85.819,80.498,77.837,85.056,82.882,82.785,94.599,91.12,91.065,91.425,85.291,83.933,85.395,70.602,96.371,108.184,87.869,91.652,86.724,90.459,88.847,93.656,1.19
2014,　　　전라북도,107.716,94.585,182.633,99.55,94.6,91.416,96.569,91.465,79.98,93.451,91.119,93.95,91.861,94.634,94.857,85.791,96.379,89.71,94.704,101.434,85.732,77.335,95.635,93.282,88.426,87.954,82.564,85.056,85.584,84.309,94.442,95.148,92.384,92.53,85.938,85.875,88.049,75.648,96.231,108.184,93.396,93.705,88.901,92.212,90.927,94.193,1.21
2015,　　　전라북도,112.516,98.969,157.692,100.301,88.127,92.725,97.739,95.359,86.986,93.923,91.216,93.95,93.798,95.493,95.727,86.283,96.645,90.551,94.537,105.703,92.276,79.777,95.756,94.22,89.077,89.445,85.462,85.056,87.736,90.957,94.442,95.562,94.811,93.938,88.233,87.3,90.881,82.575,95.129,109.348,95.238,95.365,90.94,94.3,91.503,91.529,1.24
2016,　　　전라북도,107.121,97.386,143.824,103.084,91.959,93.272,99.668,95.855,88.343,93.923,92.789,93.95,97.985,96.75,95.447,87.935,97.337,91.245,98.053,105.839,96.547,81.117,95.756,92.671,93.092,91.204,87.74,85.056,89.177,91.551,97.979,94.786,95.342,95.699,90.892,88.89,92.771,89.64,96.66,111.252,95.592,96.134,98.834,94.537,92.754,93.018,1.17
2017,　　　전라북도,103.513,98.899,131.35,102.208,97.07,95.264,103.058,98.334,91.743,93.923,94.256,93.31,98.743,97.764,95.379,90.102,99.105,92.432,105.31,105.403,97.872,84.348,95.756,93.542,94.737,100.0,88.453,85.056,93.276,91.861,98.749,97.205,96.578,96.381,92.145,93.026,93.675,90.617,96.709,111.252,97.129,97.284,100.0,97.332,94.773,96.283,1.05
2018,　　　전라북도,99.177,91.736,117.371,100.589,101.444,97.601,103.455,98.334,95.856,95.232,95.986,94.091,99.363,97.549,96.648,94.927,99.38,92.758,106.535,108.477,102.386,92.126,96.087,92.59,97.866,100.0,94.999,94.778,97.621,97.892,98.749,97.69,98.526,98.528,94.524,93.855,97.151,91.594,97.091,111.252,98.513,98.275,100.0,98.004,95.744,94.983,0.98
2019,　　　전라북도,98.977,97.821,108.932,99.148,102.703,99.613,101.983,98.358,98.506,99.774,98.609,97.538,99.167,96.397,98.206,98.701,100.273,97.82,104.484,109.209,104.327,97.607,97.277,96.721,99.917,100.0,97.437,98.018,99.18,98.339,99.987,99.008,99.852,99.547,97.406,97.283,98.558,96.672,100.0,120.623,99.789,98.59,100.0,99.422,96.536,98.292,0.92
2020,　　　전라북도,100.0,100.0,100.0,100.0,100.0,100.0,100.0,100.0,100.0,100.0,100.0,100.0,100.0,100.0,100.0,100.0,100.0,100.01,100.0,100.01,100.0,100.0,100.0,100.0,100.0,100.0,100.0,100.0,100.0,100.0,100.0,100.0,100.0,100.0,100.0,100.0,100.0,100.0,100.0,100.0,100.0,100.0,100.0,100.0,100.0,100.0,0.84
2021,　　　전라북도,100.86,100.0,97.82,98.06,99.07,101.14,98.99,100.31,100.61,100.0,101.25,100.0,99.51,101.53,100.91,106.66,98.64,100.82,95.78,87.13,98.11,101.07,99.95,100.89,100.97,100.0,116.48,118.97,107.39,102.55,100.45,101.09,102.1,100.85,103.31,101.32,101.29,100.0,99.73,107.46,102.51,99.49,100.0,100.13,100.72,106.26,0.81
2022,　　　전라북도,105.77,100.15,96.03,100.15,100.51,104.54,102.73,100.32,105.16,101.28,106.8,100.53,98.99,104.78,105.16,113.76,103.13,104.37,101.88,73.78,97.61,104.85,104.84,107.75,106.02,101.63,125.32,118.97,111.51,104.04,103.13,101.7,103.79,101.47,106.64,105.5,106.2,100.09,103.73,110.01,103.92,100.62,100.56,102.92,104.91,110.09,0.78
2012,　　　전라남도,104.484,93.322,206.704,106.388,103.112,90.5,89.757,89.448,76.668,85.463,91.137,93.95,90.434,89.133,92.963,81.529,94.586,84.507,100.257,183.056,102.002,72.77,85.29,90.419,83.699,70.493,78.602,105.853,80.927,90.433,92.749,79.846,79.626,82.04,83.36,78.645,80.293,76.806,94.766,106.47,95.775,77.843,88.785,82.773,84.17,91.727,1.3
2013,　　　전라남도,105.103,93.667,196.367,114.725,98.902,90.605,94.382,91.265,77.671,89.629,91.119,93.95,89.948,91.315,91.598,82.557,93.782,85.195,95.719,129.098,82.615,74.763,86.188,91.008,85.644,70.981,80.514,105.853,82.882,90.986,94.599,83.937,84.141,85.294,86.108,81.958,83.318,83.573,96.371,108.184,97.706,80.889,89.489,87.171,85.591,93.335,1.19
2014,　　　전라남도,111.519,95.039,176.692,114.002,95.173,89.867,96.571,91.465,79.98,93.451,91.119,93.95,90.753,96.344,94.231,86.9,95.508,87.097,95.153,125.549,83.625,77.335,87.962,91.008,88.248,70.981,84.288,105.853,85.584,95.946,94.442,86.566,86.351,85.301,90.741,83.113,84.323,84.058,96.231,108.184,101.211,83.188,92.897,88.252,88.381,94.01,1.21
2015,　　　전라남도,115.629,98.969,157.692,114.576,88.127,89.847,97.741,95.359,86.986,93.923,91.216,93.95,92.744,97.914,94.265,89.452,98.09,90.764,94.537,131.367,92.111,79.777,90.125,91.008,89.393,85.098,85.462,105.853,87.736,92.971,94.442,87.935,88.472,88.792,93.6,84.797,84.782,85.629,95.129,109.348,100.779,86.718,94.865,89.827,90.378,94.658,1.24
2016,　　　전라남도,108.903,97.386,143.824,112.828,91.959,89.811,99.671,95.855,88.343,93.923,92.789,93.95,97.423,99.267,96.922,91.466,99.655,90.803,98.053,133.425,94.05,81.117,90.891,92.278,91.034,95.493,87.74,105.853,89.177,87.081,97.979,92.542,93.203,94.671,94.642,86.361,88.285,88.83,96.66,111.252,100.716,88.098,96.603,92.857,93.782,94.888,1.17
2017,　　　전라남도,104.551,98.899,131.35,109.17,97.07,92.324,103.067,98.334,91.743,93.923,94.256,93.31,98.471,100.508,96.801,93.088,101.493,91.212,105.31,136.497,101.135,84.348,92.032,95.901,92.611,96.583,88.453,105.853,93.276,94.73,98.749,93.934,94.991,97.006,95.57,87.77,90.752,92.769,96.709,111.252,100.897,90.936,97.844,97.276,97.55,94.717,1.05
2018,　　　전라남도,98.238,91.736,117.371,105.337,101.444,97.188,103.463,98.334,95.856,95.232,95.986,94.091,99.083,97.918,97.867,96.056,100.473,91.989,106.535,140.458,106.217,92.126,94.906,98.495,96.166,96.583,94.999,105.853,97.621,97.626,98.749,97.659,98.48,98.561,96.752,89.17,94.077,93.918,97.091,111.252,99.438,91.944,97.844,98.723,98.382,93.652,0.98
2019,　　　전라남도,97.58,97.821,108.932,102.14,102.703,99.205,101.987,98.358,98.506,99.774,98.609,97.538,99.2,97.523,98.017,97.607,100.75,94.874,104.484,139.492,102.766,97.607,98.345,100.948,98.932,96.583,97.437,105.853,99.18,99.246,99.987,99.162,100.095,99.527,99.027,94.124,98.891,96.961,100.0,120.623,100.274,95.648,98.288,98.793,99.596,95.175,0.92
2020,　　　전라남도,100.0,100.0,100.0,100.0,100.0,100.0,100.0,100.0,100.0,100.0,100.0,100.0,100.0,100.0,100.0,100.0,100.0,100.0,100.0,100.0,100.0,100.0,100.0,100.0,100.0,100.0,100.0,99.99,100.0,100.0,100.0,100.0,100.0,100.0,100.0,100.0,100.0,100.0,100.0,100.0,100.0,100.0,100.0,100.0,100.0,100.0,0.84
2021,　　　전라남도,102.27,100.0,97.82,97.14,99.07,100.09,98.99,100.31,100.61,100.0,101.25,100.0,99.33,101.94,102.89,108.59,99.08,100.4,95.78,65.97,97.91,101.07,100.82,100.0,101.42,101.95,116.48,106.12,107.39,105.0,100.45,100.0,101.61,101.45,100.99,101.33,104.1,102.12,99.73,107.46,101.07,100.25,98.0,100.4,100.0,96.92,0.81
2022,　　　전라남도,104.71,100.15,96.03,99.21,100.51,104.54,102.73,100.32,105.16,101.28,106.8,100.53,99.75,106.05,105.61,116.95,102.21,103.37,101.88,42.37,96.83,104.85,102.43,100.46,105.37,101.95,125.32,106.12,111.51,105.66,103.13,102.01,102.94,102.5,104.75,104.2,107.71,107.95,103.73,110.01,101.73,101.19,100.81,107.13,105.32,98.95,0.78
2012,　　　경상북도,100.755,95.079,211.958,99.292,105.663,96.669,89.814,89.448,76.668,85.463,91.137,93.95,91.705,93.288,89.764,82.782,99.768,89.237,96.194,163.621,137.243,72.77,96.199,87.153,85.997,87.374,75.629,48.865,80.927,83.46,92.749,84.439,82.6,79.617,79.719,83.361,77.634,88.721,94.766,106.47,86.056,87.421,84.989,88.013,90.539,93.467,1.3
2013,　　　경상북도,101.288,94.657,202.818,107.88,100.658,96.441,94.426,91.265,77.671,89.629,91.119,93.95,90.717,92.731,90.096,84.417,99.973,89.452,94.887,112.99,112.558,74.763,98.708,87.306,88.097,88.653,75.978,48.865,82.882,84.424,94.599,87.619,86.911,87.347,83.077,85.922,79.488,91.73,96.371,108.184,87.274,91.073,85.537,89.961,92.553,94.056,1.19
2014,　　　경상북도,108.757,96.142,181.236,106.509,96.064,93.989,96.62,91.465,79.98,93.451,91.119,93.95,89.986,93.417,93.761,88.484,101.232,90.754,94.754,106.792,116.092,77.335,99.186,87.306,90.549,89.079,81.824,69.999,85.584,87.136,94.442,90.072,88.63,88.343,84.968,88.759,83.064,92.513,96.231,108.184,85.335,92.259,89.216,93.207,93.955,94.148,1.21
2015,　　　경상북도,111.97,98.969,157.692,106.665,88.127,93.478,97.792,95.359,86.986,93.923,91.216,93.95,93.003,98.885,95.705,88.837,101.596,91.456,94.537,109.958,124.304,79.777,100.497,90.148,91.123,89.079,85.462,77.613,87.736,88.075,94.442,93.277,91.329,90.39,85.878,92.42,84.845,92.859,95.129,109.348,90.435,92.968,92.969,94.92,94.286,94.466,1.24
2016,　　　경상북도,106.077,97.386,143.824,107.259,91.959,92.662,99.722,95.855,88.343,93.923,92.789,93.95,97.736,99.586,95.582,90.745,101.556,92.352,98.053,112.211,125.284,81.117,100.856,91.066,94.037,98.453,87.74,100.0,89.177,87.762,97.979,97.051,91.622,93.89,88.198,95.634,88.327,93.305,96.66,111.252,95.133,94.302,94.527,97.508,95.286,96.048,1.17
2017,　　　경상북도,102.949,98.899,131.35,104.381,97.07,96.012,103.107,98.334,91.743,93.923,94.256,93.31,98.741,99.886,95.296,92.355,101.758,91.855,105.31,113.486,129.536,84.348,100.134,91.066,94.421,99.818,88.453,100.0,93.276,89.593,98.749,97.52,93.563,95.44,91.902,97.692,90.989,96.315,96.709,111.252,97.63,95.009,95.621,100.546,96.77,96.781,1.05
2018,　　　경상북도,96.735,91.736,117.371,101.704,101.444,98.806,103.491,98.334,95.856,95.232,95.986,94.091,99.093,98.556,96.502,95.742,101.768,91.211,106.535,109.436,130.501,92.126,99.499,91.066,96.548,100.0,94.999,100.0,97.621,95.58,98.749,98.682,96.659,97.629,96.113,98.522,93.506,97.207,97.091,111.252,98.015,96.672,94.852,101.669,96.625,96.652,0.98
2019,　　　경상북도,96.256,97.821,108.932,101.004,102.703,99.833,102.018,98.358,98.506,99.774,98.609,97.538,99.441,98.968,98.58,98.285,102.297,96.471,104.484,107.593,105.12,97.607,100.206,99.256,99.778,100.0,97.437,100.0,99.18,98.333,99.987,99.148,99.977,99.569,97.381,99.873,98.651,99.352,100.0,120.623,99.472,97.663,98.58,102.867,97.59,98.076,0.92
2020,　　　경상북도,100.01,100.0,100.0,100.0,100.0,100.0,100.0,100.0,100.0,100.0,100.0,100.0,100.0,100.0,100.0,100.0,100.0,100.0,100.0,100.0,100.0,100.0,100.0,100.0,100.0,100.0,100.0,100.0,100.0,100.0,100.0,100.0,100.0,100.0,100.0,100.0,100.0,100.0,100.0,100.0,100.0,100.0,100.0,100.0,100.0,100.0,0.84
2021,　　　경상북도,101.77,100.0,97.82,98.16,99.07,100.45,98.99,100.31,100.61,100.0,101.25,100.0,99.8,101.32,99.93,108.58,100.08,102.43,95.78,83.61,99.95,101.07,100.12,100.0,101.85,100.0,116.48,100.0,107.39,103.35,100.45,100.43,100.45,100.24,102.92,102.21,102.29,100.0,99.73,107.46,102.01,101.67,97.51,99.15,100.33,99.01,0.81
2022,　　　경상북도,103.54,100.15,96.03,100.94,100.51,103.74,102.73,100.32,105.16,101.28,106.8,100.53,99.38,106.86,106.85,115.61,101.8,105.79,101.88,53.39,98.91,104.85,101.27,109.62,106.26,100.0,125.32,100.0,111.51,108.38,103.13,103.15,102.4,100.84,108.7,105.57,107.1,101.54,103.73,110.01,103.04,103.76,98.75,100.45,103.52,100.75,0.78
2012,　　　경상남도,100.65,95.064,201.501,102.959,100.991,100.686,89.756,89.448,76.668,85.463,91.137,93.95,91.371,94.144,94.542,81.304,94.532,84.041,98.977,142.613,123.585,72.77,80.062,89.835,84.556,77.319,76.289,56.699,80.927,85.757,92.749,86.773,86.401,83.16,79.41,78.74,77.793,78.62,94.766,106.471,95.842,84.47,93.015,77.069,87.418,82.978,1.3
2013,　　　경상남도,101.423,96.007,191.777,109.608,95.477,101.23,94.38,91.265,77.671,89.629,91.119,93.95,90.161,97.181,95.508,82.179,96.082,86.291,95.382,103.442,92.31,74.763,80.657,91.539,86.605,79.028,78.13,56.699,82.882,83.815,94.599,90.663,89.675,88.061,83.407,81.856,80.561,86.329,96.371,108.175,92.952,87.48,93.308,81.191,89.528,80.31,1.19
2014,　　　경상남도,108.132,96.739,177.015,108.453,93.23,99.12,96.568,91.465,79.98,93.451,91.119,93.95,91.818,99.543,97.666,87.998,95.424,88.275,94.111,100.433,94.438,77.335,80.948,99.76,89.395,82.449,84.249,83.001,85.584,84.543,94.442,92.342,91.731,95.432,83.813,84.486,84.863,90.643,96.231,108.175,91.98,89.117,95.135,82.32,90.097,80.165,1.21
2015,　　　경상남도,112.474,98.969,157.692,108.945,88.127,97.197,97.739,95.359,86.986,93.923,91.216,93.95,93.298,100.134,97.103,90.777,97.913,90.392,94.537,107.549,106.826,79.777,81.635,100.503,90.126,83.615,85.462,83.001,87.736,86.182,94.442,94.469,94.914,95.925,86.052,88.035,87.302,92.697,95.129,109.348,92.505,90.439,98.607,83.013,92.544,81.689,1.24
2016,　　　경상남도,106.997,97.386,143.824,107.977,91.959,96.261,99.668,95.855,88.343,93.923,92.789,93.95,97.475,101.954,96.92,91.639,98.464,90.214,98.053,110.359,117.608,81.117,86.407,101.648,91.465,82.471,87.74,83.001,89.177,87.115,97.979,96.231,95.48,96.782,89.562,89.897,90.328,93.032,96.66,111.252,94.743,93.707,99.901,84.616,93.173,83.976,1.17
2017,　　　경상남도,100.823,98.899,131.35,105.829,97.07,95.924,103.053,98.334,91.743,93.923,94.256,93.31,98.775,101.997,96.381,93.595,100.056,90.066,105.31,111.589,119.944,84.348,87.404,101.648,93.108,85.27,88.453,94.523,93.276,91.189,98.749,96.866,95.887,97.109,94.509,92.623,91.076,97.454,96.709,111.252,97.176,95.061,99.901,87.592,94.486,90.178,1.05
2018,　　　경상남도,98.91,91.736,117.371,102.19,101.444,100.229,103.449,98.334,95.856,95.232,95.986,94.091,99.707,98.569,96.783,97.271,100.724,90.456,106.535,113.043,131.788,92.126,91.231,101.648,98.305,93.78,94.999,101.278,97.621,98.175,98.749,98.462,97.08,98.802,96.331,95.757,94.622,99.915,97.091,111.252,101.857,98.423,100.358,93.223,95.4,97.056,0.98
2019,　　　경상남도,100.488,97.821,108.932,100.109,102.703,100.216,101.974,98.358,98.506,99.774,98.609,97.538,99.641,96.203,98.804,98.898,100.784,96.404,104.484,112.897,119.894,97.607,99.864,100.687,100.292,96.608,97.437,100.0,99.18,100.0,99.987,98.876,97.556,99.759,97.701,98.821,98.449,99.955,100.0,120.623,100.192,99.3,100.653,95.475,99.321,98.047,0.92
2020,　　　경상남도,100.0,100.0,100.0,100.0,100.0,100.0,100.0,100.0,100.0,100.0,100.0,100.0,100.0,100.0,100.0,100.0,100.0,100.0,100.0,100.0,100.0,100.0,100.0,100.0,100.0,100.0,100.0,100.0,100.0,100.0,100.0,100.0,100.0,100.0,100.0,100.0,100.0,100.0,100.0,100.0,100.0,100.0,100.0,100.0,100.0,100.0,0.84
2021,　　　경상남도,100.8,100.0,97.82,98.0,99.07,101.24,98.99,100.31,100.61,100.0,101.25,100.0,99.59,102.16,100.65,108.7,99.14,101.28,95.78,88.19,99.42,101.07,100.21,99.76,102.22,103.6,116.48,100.0,107.39,100.2,100.45,100.49,102.33,100.27,103.01,105.51,102.95,102.04,99.73,107.46,101.59,101.15,100.0,101.51,101.49,107.95,0.81
2022,　　　경상남도,103.02,100.15,96.03,100.45,100.51,102.4,102.73,100.32,105.16,101.28,106.8,100.53,99.9,107.32,103.65,115.49,100.25,102.48,101.88,73.18,103.73,104.85,102.18,101.74,106.25,103.6,125.32,98.09,111.51,102.28,103.13,100.53,102.5,101.47,105.57,109.52,107.67,104.29,103.73,110.01,101.69,102.42,100.0,106.23,108.22,111.46,0.78
2012,　　　제주특별자치도,109.319,96.7,201.785,108.217,99.32,97.427,89.78,89.448,76.668,85.463,91.137,93.95,94.41,84.388,88.51,73.439,93.527,85.764,93.504,125.256,176.919,72.77,90.826,81.928,76.793,58.317,77.488,100.0,80.927,85.985,92.749,85.303,88.345,84.592,80.186,84.708,76.541,86.347,94.766,106.47,120.92,74.123,86.363,71.967,82.571,88.797,1.3
2013,　　　제주특별자치도,109.841,96.896,194.94,117.271,95.465,97.648,94.382,91.265,77.671,89.629,91.119,93.95,92.195,87.975,88.481,76.512,94.288,89.305,93.206,98.323,106.443,74.763,92.422,83.253,78.385,59.984,77.488,100.0,82.882,88.094,94.599,90.827,93.115,91.333,88.723,89.578,79.88,87.739,96.371,108.184,119.67,75.535,86.363,72.247,84.895,90.511,1.19
2014,　　　제주특별자치도,117.438,97.088,177.841,115.694,93.438,99.154,96.578,91.465,79.98,93.451,91.119,93.95,91.008,93.903,93.437,83.326,96.85,94.479,95.881,95.194,99.277,77.335,93.705,86.086,80.828,59.984,83.899,100.0,85.584,90.926,94.442,93.217,96.852,91.401,88.723,91.224,81.078,87.739,96.231,108.184,122.44,79.558,86.363,74.572,85.194,91.835,1.21
2015,　　　제주특별자치도,116.344,98.969,157.692,115.045,88.127,98.538,97.749,95.359,86.986,93.923,91.216,93.95,93.011,95.713,94.009,83.428,97.452,97.271,94.537,102.652,108.646,79.777,99.129,89.307,81.669,59.984,85.462,100.0,87.736,93.267,94.442,93.615,97.238,92.646,88.723,96.191,84.693,85.502,95.129,109.348,123.805,83.668,86.363,82.263,86.173,92.481,1.24
2016,　　　제주특별자치도,99.214,97.386,143.824,110.254,91.959,97.419,99.676,95.855,88.343,93.923,92.789,93.95,98.041,97.768,93.654,87.733,98.369,97.485,98.053,107.572,113.081,81.117,100.0,96.481,84.765,67.498,87.74,100.0,89.177,94.789,97.979,95.055,98.185,92.959,90.756,97.009,85.632,84.756,96.66,111.252,122.345,84.233,86.363,85.251,91.388,92.528,1.17
2017,　　　제주특별자치도,95.247,98.899,131.35,107.007,97.07,97.45,103.058,98.334,91.743,93.923,94.256,93.31,98.158,98.865,93.22,87.931,99.866,95.284,105.31,111.8,117.961,84.348,100.0,98.827,87.908,94.999,88.453,100.0,93.276,96.368,98.749,95.441,98.483,92.959,90.941,97.249,89.778,90.228,96.709,111.252,121.425,84.421,86.363,92.324,96.971,96.495,1.05
2018,　　　제주특별자치도,92.552,91.736,117.371,102.351,101.444,99.655,103.455,98.334,95.856,95.232,95.986,94.091,99.308,98.031,95.49,94.527,101.903,95.131,106.535,118.084,122.017,92.126,100.0,100.0,94.421,100.0,94.999,100.0,97.621,98.232,98.749,95.441,98.483,98.417,91.557,97.509,93.133,91.365,97.091,111.252,119.496,85.049,96.591,97.178,98.949,96.865,0.98
2019,　　　제주특별자치도,93.515,97.821,108.932,100.064,102.703,99.8,101.983,98.358,98.506,99.774,98.609,97.538,98.788,96.526,97.877,97.565,105.0,97.825,104.484,121.098,101.35,97.607,100.0,100.0,97.591,100.0,97.437,100.0,99.18,99.287,99.987,99.415,99.676,100.0,100.0,99.715,95.994,95.869,100.0,120.623,113.724,92.011,100.0,98.868,99.825,99.417,0.92
2020,　　　제주특별자치도,100.0,100.0,100.0,100.0,100.0,100.0,100.0,100.0,100.0,100.0,100.0,100.0,100.0,100.0,100.0,100.0,100.0,100.0,100.0,100.0,100.0,100.0,100.0,100.0,100.0,100.0,100.0,100.0,100.0,100.0,100.0,100.0,100.0,100.0,100.0,100.0,100.0,100.0,100.0,100.0,100.0,100.0,100.0,100.0,100.0,100.0,0.84
2021,　　　제주특별자치도,103.91,100.0,97.82,98.13,99.07,100.34,98.99,100.31,100.61,100.0,101.25,100.0,98.29,101.12,102.86,106.95,102.85,102.07,95.78,67.69,105.8,101.07,100.18,100.0,101.01,100.0,116.48,100.0,107.39,101.79,100.45,100.0,100.23,100.01,100.0,102.95,100.68,100.27,99.73,107.46,83.21,100.0,103.2,103.3,101.85,100.58,0.81
2022,　　　제주특별자치도,103.63,100.15,96.03,99.45,100.51,102.64,102.73,100.32,105.16,101.28,106.8,100.53,99.14,105.77,106.0,112.07,106.2,103.55,101.88,43.89,111.27,104.85,103.23,106.31,104.69,100.0,125.32,101.39,111.51,108.93,103.13,101.16,100.9,100.01,101.37,104.63,103.62,100.27,103.73,110.01,82.95,100.0,105.57,108.8,108.4,101.49,0.78
