행정구역(시군구)별(1),행정구역(시군구)별(2),시점,성별(1),15세,16세,17세,18세,19세,20세,21세,22세,23세,24세,25세,26세,27세,28세,29세,30세,31세,32세,33세,34세,35세,36세,37세,38세,39세,40세,41세,42세,43세,44세,45세,46세,47세,48세,49세
서울특별시,소계,2012,여자,57684,59367,61169,61871,64355,66970,64974,63933,67389,70611,73697,78297,81893,87852,96211,99545,98319,96327,86403,81482,82786,81105,84043,88172,89906,91961,92807,90973,89727,86929,79464,78118,81923,79600,80890
서울특별시,소계,2013,여자,55046,57374,59152,61130,62883,65555,68382,66874,66792,70265,73033,75423,78954,81822,86720,94295,97099,95586,93671,84112,79422,80870,79498,82543,86745,88787,90962,91919,90206,88873,86205,78610,77399,81174,78820
서울특별시,소계,2014,여자,52131,54886,57277,59201,62528,64177,67007,70441,70020,69851,72869,74851,76221,79086,81044,85203,92145,94722,93023,91173,82000,77653,79324,78101,81302,85694,87847,90162,91243,89446,88186,85444,78031,76710,80429
서울특별시,소계,2015,여자,51798,51945,54752,57327,60838,63889,65557,69002,73582,72965,72277,74474,75550,76326,78286,79566,83155,89670,91839,90216,88632,79833,75876,77587,76775,80015,84549,86822,89218,90324,88617,87347,84648,77144,75896
서울특별시,소계,2016,여자,48773,51443,51693,54721,58948,62186,65184,67387,72091,76505,75332,73744,74940,75370,75483,76682,77388,80589,86718,88845,87385,85844,77696,73921,75878,75272,78643,83265,85655,88041,89264,87520,86193,83515,76154
서울특별시,소계,2017,여자,42639,48439,51218,51694,56531,60614,63736,67265,70996,75576,79456,77279,74549,75027,74912,74307,74916,75364,78255,84122,86190,84785,83626,75779,72285,74470,73990,77499,82135,84668,87003,88215,86362,85126,82434
서울특별시,소계,2018,여자,40060,42368,48303,51244,53809,58531,62511,66353,71615,75239,79316,82214,78783,75272,74946,74097,73042,73237,73336,75863,81607,83602,82423,81425,74059,70895,73133,72824,76380,81168,83602,85972,87108,85277,83990
서울특별시,소계,2019,여자,39122,39806,42269,48325,53717,56306,60982,65696,71499,76468,79508,82568,84358,80028,75404,74362,73121,71649,71388,71200,73791,79240,81394,80339,79704,72639,69630,72013,71829,75428,80197,82617,84978,85999,84203
서울특별시,소계,2020,여자,36378,38907,39690,42304,50752,56496,59074,64573,71390,76570,80762,82878,84911,85612,80304,75014,73550,71985,70195,69740,69628,71961,77471,79575,78801,78362,71551,68701,71153,71079,74584,79350,81709,83993,84958
서울특별시,소계,2021,여자,34790,36114,38730,39694,44379,53429,59250,62482,70016,76167,80565,83646,84405,85515,85265,79306,73612,71923,70199,68170,67801,67723,70069,75464,77659,77189,76985,70381,67659,70213,70029,73621,78277,80566,82768
서울특별시,소계,2022,여자,36696,34566,36025,38833,42400,47652,56667,63047,67928,74841,80308,83250,84862,84747,84876,84049,77557,71787,70047,68109,66122,66016,65927,68346,73776,76003,75856,75821,69353,66817,69301,69142,72672,77236,79497
서울특별시,종로구,2012,여자,904,902,950,977,1023,1093,1102,1098,1124,1144,1250,1292,1265,1273,1351,1364,1315,1272,1142,1064,1117,1099,1217,1333,1403,1471,1536,1509,1491,1454,1349,1284,1352,1333,1319
서울특별시,종로구,2013,여자,864,859,884,924,1003,1053,1107,1124,1123,1130,1181,1224,1252,1200,1208,1247,1275,1253,1226,1083,1043,1079,1066,1177,1313,1376,1440,1505,1478,1445,1439,1290,1258,1327,1278
서울특별시,종로구,2014,여자,831,824,828,860,1021,1057,1085,1137,1159,1157,1150,1142,1163,1202,1155,1126,1165,1215,1214,1156,1036,1023,1056,1043,1159,1297,1337,1407,1484,1443,1407,1384,1271,1230,1277
서울특별시,종로구,2015,여자,797,792,792,823,1023,1085,1090,1103,1187,1185,1179,1126,1128,1138,1145,1101,1079,1138,1160,1165,1124,1010,1008,1027,1039,1142,1263,1320,1386,1449,1404,1384,1338,1251,1203
서울특별시,종로구,2016,여자,703,762,767,788,1005,1080,1115,1110,1176,1188,1198,1164,1128,1095,1081,1100,1044,1041,1078,1114,1129,1081,1011,968,1012,1022,1118,1256,1273,1348,1411,1391,1338,1313,1230
서울특별시,종로구,2017,여자,618,706,751,766,982,1090,1111,1138,1186,1213,1211,1196,1173,1096,1073,1066,1048,1014,1012,1058,1103,1117,1100,999,967,1031,1022,1120,1225,1276,1333,1405,1389,1325,1305
서울특별시,종로구,2018,여자,573,628,702,761,945,1069,1111,1123,1189,1245,1234,1238,1224,1152,1082,1060,1063,1033,985,997,1055,1112,1117,1100,995,989,1019,1021,1134,1237,1274,1342,1386,1376,1328
서울특별시,종로구,2019,여자,546,574,621,703,928,1038,1099,1126,1197,1230,1259,1240,1239,1199,1111,1038,1061,1030,973,944,955,1018,1095,1084,1083,990,959,1002,1028,1130,1207,1282,1306,1371,1367
서울특별시,종로구,2020,여자,506,549,564,620,845,1002,1064,1111,1215,1236,1256,1264,1223,1231,1169,1066,1005,1006,979,936,900,929,1018,1062,1068,1062,985,947,996,1025,1100,1205,1260,1306,1358
서울특별시,종로구,2021,여자,482,506,534,560,733,902,1040,1097,1185,1243,1265,1299,1260,1239,1225,1123,1028,956,972,931,901,887,916,994,1037,1065,1064,975,933,989,1002,1081,1181,1246,1278
서울특별시,종로구,2022,여자,514,483,498,534,662,833,968,1094,1179,1222,1279,1292,1315,1250,1232,1195,1093,987,932,918,905,865,870,888,971,1042,1053,1045,953,925,974,979,1057,1154,1209
서울특별시,중구,2012,여자,602,608,632,674,773,810,781,762,820,863,873,929,1006,1078,1163,1226,1224,1207,1105,1004,1004,991,1024,1064,1083,1090,1117,1081,1038,1000,912,903,1012,1001,1009
서울특별시,중구,2013,여자,552,592,592,624,725,802,846,823,795,864,902,906,958,1030,1067,1163,1205,1195,1199,1064,986,983,977,1002,1022,1030,1071,1082,1055,1027,998,883,889,996,980
서울특별시,중구,2014,여자,495,543,584,582,669,751,823,864,864,838,908,932,891,962,1018,1045,1127,1162,1139,1133,1009,922,963,916,964,988,992,1027,1046,1025,1014,977,862,880,982
서울특별시,중구,2015,여자,466,487,533,585,635,714,759,840,916,902,867,925,914,894,967,993,1035,1114,1094,1098,1058,954,902,898,904,941,932,954,997,1009,1004,997,966,852,882
서울특별시,중구,2016,여자,412,466,478,555,671,681,737,795,877,974,944,885,925,928,907,955,984,1030,1090,1089,1054,1040,926,856,880,881,890,908,933,976,996,984,983,952,859
서울특별시,중구,2017,여자,341,419,460,511,650,711,734,775,864,952,1038,971,903,967,939,935,960,985,1031,1083,1091,1050,1019,902,825,858,852,879,894,924,969,995,986,974,974
서울특별시,중구,2018,여자,331,352,418,493,592,704,755,790,871,927,1031,1096,999,951,982,989,974,980,984,1029,1096,1079,1031,1009,871,801,848,829,852,874,914,973,1017,981,987
서울특별시,중구,2019,여자,333,336,357,438,584,666,749,820,881,932,1016,1113,1134,1036,979,1017,1025,1001,978,1003,1020,1077,1061,1010,990,852,801,812,794,822,860,915,982,1004,987
서울특별시,중구,2020,여자,309,335,344,379,528,676,735,801,907,945,994,1087,1168,1156,1076,1008,1046,1041,977,979,969,993,1050,1012,978,950,831,764,782,763,803,848,902,976,1021
서울특별시,중구,2021,여자,278,312,340,362,459,625,741,792,887,1017,1020,1071,1160,1188,1204,1107,1015,1034,1010,940,941,933,938,1007,965,929,914,789,743,755,751,783,832,912,970
서울특별시,중구,2022,여자,302,281,311,352,453,549,677,812,856,1007,1091,1048,1139,1172,1225,1201,1086,986,1010,978,912,907,876,921,961,924,898,883,768,727,745,725,766,842,893
서울특별시,용산구,2012,여자,1078,1155,1207,1198,1295,1404,1413,1379,1476,1542,1680,1832,1885,2079,2347,2507,2535,2416,2120,2052,2079,2053,2095,2124,2208,2310,2300,2233,2113,1953,1773,1701,1817,1817,1842
서울특별시,용산구,2013,여자,1048,1097,1135,1220,1270,1339,1475,1466,1450,1538,1591,1705,1837,1874,2075,2278,2391,2382,2286,2074,1945,2000,1967,2042,2062,2174,2273,2214,2182,2074,1948,1750,1690,1820,1807
서울특별시,용산구,2014,여자,1016,1044,1085,1146,1290,1330,1406,1517,1520,1524,1576,1609,1751,1833,1868,2015,2176,2296,2281,2225,1952,1873,1918,1902,1974,2001,2123,2190,2155,2124,2051,1918,1709,1676,1802
서울특별시,용산구,2015,여자,1018,1007,1040,1082,1212,1359,1401,1458,1596,1599,1572,1606,1672,1757,1818,1839,1926,2122,2228,2187,2120,1860,1799,1817,1843,1879,1942,2031,2127,2080,2094,2000,1871,1693,1653
서울특별시,용산구,2016,여자,947,1017,1012,1034,1133,1271,1424,1466,1539,1670,1665,1622,1644,1693,1776,1785,1784,1885,2074,2130,2107,2023,1796,1721,1764,1764,1811,1882,1986,2063,2046,2038,1969,1853,1671
서울특별시,용산구,2017,여자,847,947,1024,1017,1084,1202,1337,1477,1534,1628,1765,1766,1668,1733,1780,1805,1761,1794,1856,2024,2080,2012,1972,1752,1679,1708,1702,1777,1841,1937,2013,2014,1998,1940,1831
서울특별시,용산구,2018,여자,785,846,952,1037,1101,1187,1281,1416,1594,1645,1748,1899,1858,1802,1849,1837,1797,1798,1800,1841,2004,2007,1962,1944,1715,1621,1674,1664,1729,1794,1885,1996,2008,1993,1935
서울특별시,용산구,2019,여자,749,795,838,968,1141,1202,1290,1391,1556,1708,1784,1855,2000,1974,1857,1864,1840,1817,1818,1791,1828,1960,1972,1935,1885,1658,1600,1632,1622,1686,1764,1863,1986,2015,1995
서울특별시,용산구,2020,여자,698,767,793,861,1077,1249,1299,1407,1539,1687,1838,1894,1992,2115,2022,1900,1877,1868,1818,1818,1795,1801,1933,1953,1901,1841,1624,1575,1609,1589,1685,1738,1846,1997,2020
서울특별시,용산구,2021,여자,656,716,771,792,948,1183,1351,1404,1534,1664,1810,1967,2035,2102,2204,2096,1932,1901,1869,1794,1813,1767,1759,1905,1889,1829,1781,1584,1534,1561,1556,1625,1725,1843,2009
서울특별시,용산구,2022,여자,690,662,711,757,871,1047,1293,1452,1494,1635,1798,1932,2068,2141,2187,2277,2133,1954,1918,1801,1767,1771,1727,1721,1822,1789,1760,1729,1517,1487,1487,1515,1596,1681,1837
서울특별시,성동구,2012,여자,1530,1567,1599,1677,1776,1878,1835,1873,1971,2089,2102,2217,2386,2503,2737,2921,2907,2865,2660,2476,2460,2486,2644,2733,2731,2778,2733,2623,2487,2339,2190,2208,2310,2233,2316
서울특별시,성동구,2013,여자,1426,1539,1557,1636,1800,1868,1933,1933,1972,2088,2172,2152,2272,2434,2547,2747,2948,2894,2881,2665,2424,2416,2431,2567,2654,2668,2708,2671,2584,2441,2339,2194,2197,2329,2264
서울특별시,성동구,2014,여자,1372,1445,1534,1585,1758,1860,1940,2017,2041,2080,2175,2241,2192,2335,2431,2513,2733,2888,2855,2830,2563,2350,2351,2359,2480,2567,2602,2631,2615,2527,2448,2342,2177,2190,2342
서울특별시,성동구,2015,여자,1357,1387,1447,1562,1717,1825,1938,2010,2139,2150,2193,2238,2259,2254,2304,2418,2482,2703,2837,2796,2737,2465,2266,2286,2287,2396,2498,2523,2541,2583,2533,2441,2337,2168,2189
서울특별시,성동구,2016,여자,1237,1360,1399,1474,1711,1828,1918,2006,2135,2231,2249,2221,2282,2305,2282,2361,2458,2501,2737,2819,2748,2696,2447,2229,2263,2236,2349,2430,2471,2520,2581,2510,2455,2374,2184
서울특별시,성동구,2017,여자,1135,1249,1387,1431,1642,1867,1925,2033,2177,2275,2393,2357,2312,2350,2416,2378,2452,2512,2580,2764,2824,2772,2751,2416,2241,2223,2227,2321,2414,2448,2529,2565,2543,2519,2426
서울특별시,성동구,2018,여자,1104,1156,1272,1422,1634,1813,2010,2090,2259,2400,2507,2546,2482,2436,2501,2525,2485,2534,2580,2635,2791,2843,2806,2700,2401,2208,2222,2213,2294,2384,2459,2537,2601,2583,2574
서울특별시,성동구,2019,여자,1029,1112,1151,1291,1624,1761,1951,2132,2267,2451,2506,2547,2604,2545,2510,2560,2557,2510,2548,2531,2585,2735,2768,2697,2597,2294,2146,2130,2163,2241,2342,2401,2540,2599,2577
서울특별시,성동구,2020,여자,931,1024,1094,1152,1482,1744,1851,2014,2258,2373,2472,2474,2547,2593,2524,2494,2507,2523,2460,2423,2429,2483,2596,2628,2551,2426,2167,2013,2044,2070,2160,2252,2344,2490,2549
서울특별시,성동구,2021,여자,865,932,1014,1094,1314,1606,1814,1930,2142,2348,2408,2482,2464,2533,2564,2462,2419,2435,2473,2343,2337,2305,2359,2473,2511,2423,2284,2064,1925,1957,2005,2100,2184,2309,2425
서울특별시,성동구,2022,여자,908,881,925,1026,1280,1444,1718,1929,2072,2253,2386,2461,2465,2454,2492,2497,2388,2374,2381,2388,2300,2236,2204,2272,2386,2407,2307,2203,1997,1844,1912,1946,2049,2175,2240
서울특별시,광진구,2012,여자,2137,2256,2312,2287,2356,2505,2512,2569,2795,2981,3144,3440,3612,3784,4139,4122,3905,3738,3193,2988,2999,2905,3009,3121,3242,3309,3379,3372,3376,3276,2978,2951,2994,2878,2924
서울특별시,광진구,2013,여자,2021,2124,2230,2307,2339,2477,2646,2703,2784,3012,3177,3270,3495,3585,3733,4003,3928,3757,3549,3092,2913,2909,2836,2925,3088,3184,3259,3345,3343,3342,3220,2953,2906,2988,2847
서울특별시,광진구,2014,여자,1918,2020,2083,2217,2382,2423,2582,2820,2889,2961,3206,3267,3333,3451,3522,3605,3802,3748,3551,3368,2986,2774,2836,2770,2850,3011,3120,3231,3289,3295,3289,3182,2907,2874,2930
서울특별시,광진구,2015,여자,1846,1903,1999,2082,2326,2462,2535,2730,3040,3031,3073,3274,3303,3316,3366,3378,3432,3613,3577,3371,3217,2820,2670,2772,2706,2796,2955,3085,3181,3266,3248,3243,3131,2848,2840
서울특별시,광진구,2016,여자,1666,1825,1889,1996,2194,2457,2592,2700,2984,3232,3163,3193,3306,3350,3266,3267,3209,3265,3474,3405,3232,3067,2720,2599,2713,2662,2745,2920,3040,3158,3217,3191,3173,3075,2823
서울특별시,광진구,2017,여자,1411,1658,1819,1880,2113,2376,2612,2789,2999,3274,3467,3332,3269,3379,3324,3216,3160,3061,3133,3307,3291,3125,2977,2671,2556,2654,2618,2713,2863,3025,3101,3166,3144,3145,3032
서울특별시,광진구,2018,여자,1341,1419,1660,1836,2010,2320,2545,2824,3093,3335,3546,3646,3456,3351,3379,3274,3140,3027,2946,2987,3197,3192,3002,2913,2628,2509,2605,2579,2660,2864,2973,3070,3153,3132,3097
서울특별시,광진구,2019,여자,1324,1342,1418,1673,1955,2215,2512,2784,3144,3423,3606,3719,3771,3503,3318,3293,3149,2977,2866,2767,2852,3015,3024,2896,2835,2538,2453,2543,2520,2638,2815,2912,3029,3106,3054
서울특별시,광진구,2020,여자,1224,1311,1343,1408,1803,2175,2473,2813,3161,3502,3721,3821,3813,3812,3454,3192,3144,2963,2786,2700,2632,2649,2841,2891,2777,2729,2462,2365,2484,2462,2575,2748,2860,2963,3037
서울특별시,광진구,2021,여자,1189,1202,1302,1325,1528,2015,2448,2759,3196,3494,3751,3878,3866,3824,3735,3278,3043,2953,2791,2608,2575,2475,2514,2697,2760,2687,2622,2391,2306,2407,2400,2524,2693,2792,2912
서울특별시,광진구,2022,여자,1270,1188,1196,1290,1485,1731,2309,2711,3110,3459,3721,3851,3907,3847,3718,3567,3147,2904,2776,2609,2487,2439,2395,2406,2608,2693,2607,2593,2326,2252,2365,2367,2473,2636,2751
서울특별시,동대문구,2012,여자,1776,1860,1943,2003,2180,2348,2317,2318,2451,2592,2641,2762,2831,2990,3223,3327,3242,3183,2833,2719,2813,2750,2796,2926,2994,3011,3042,2965,2921,2820,2578,2522,2675,2641,2709
서울특별시,동대문구,2013,여자,1742,1784,1860,1973,2183,2345,2465,2452,2439,2533,2626,2646,2702,2783,2908,3118,3245,3193,3124,2781,2678,2757,2716,2756,2894,2942,2968,3021,2933,2894,2805,2542,2533,2670,2630
서울특별시,동대문구,2014,여자,1661,1742,1785,1909,2169,2375,2457,2602,2614,2524,2592,2627,2615,2663,2707,2856,3064,3211,3180,3080,2737,2635,2719,2682,2731,2847,2902,2932,2980,2898,2877,2776,2569,2537,2683
서울특별시,동대문구,2015,여자,1617,1660,1746,1829,2146,2410,2493,2578,2779,2719,2563,2603,2628,2558,2589,2664,2756,2966,3128,3068,2982,2648,2552,2658,2620,2649,2779,2826,2877,2925,2891,2856,2765,2582,2534
서울특별시,동대문구,2016,여자,1509,1627,1656,1776,2083,2370,2507,2586,2742,2884,2701,2576,2558,2555,2454,2523,2552,2617,2872,2990,2965,2833,2559,2472,2573,2510,2579,2702,2753,2814,2893,2879,2808,2766,2557
서울특별시,동대문구,2017,여자,1310,1502,1614,1678,2009,2323,2455,2622,2702,2816,2863,2696,2499,2491,2443,2361,2420,2408,2544,2778,2897,2802,2746,2495,2394,2476,2434,2517,2633,2697,2775,2876,2826,2800,2744
서울특별시,동대문구,2018,여자,1222,1293,1502,1628,1967,2288,2465,2628,2812,2785,2836,2824,2654,2455,2412,2358,2300,2329,2365,2513,2693,2808,2759,2685,2422,2329,2407,2374,2460,2575,2657,2751,2815,2804,2791
서울특별시,동대문구,2019,여자,1151,1219,1307,1518,1968,2266,2489,2679,2865,2897,2833,2819,2783,2620,2438,2378,2345,2275,2308,2342,2460,2665,2781,2700,2617,2358,2279,2363,2314,2403,2545,2615,2706,2774,2800
서울특별시,동대문구,2020,여자,1053,1155,1216,1313,1851,2292,2545,2776,2974,3002,2975,2856,2792,2743,2644,2431,2373,2323,2240,2256,2312,2400,2624,2693,2610,2536,2282,2218,2285,2263,2362,2488,2607,2652,2746
서울특별시,동대문구,2021,여자,1021,1048,1136,1223,1642,2226,2625,2868,3121,3126,3109,2999,2852,2746,2718,2619,2396,2367,2265,2208,2226,2261,2343,2543,2607,2545,2460,2199,2168,2234,2200,2302,2461,2537,2638
서울특별시,동대문구,2022,여자,1067,1009,1046,1162,1613,2126,2613,2955,3155,3203,3214,3100,2947,2802,2697,2703,2575,2357,2320,2234,2168,2193,2216,2299,2493,2572,2502,2416,2182,2129,2192,2159,2260,2422,2546
서울특별시,중랑구,2012,여자,2280,2424,2629,2672,2793,2891,2712,2675,2857,2944,2967,3082,3278,3379,3665,3850,3789,3686,3256,3065,3039,2981,3150,3333,3437,3494,3572,3559,3629,3616,3440,3396,3521,3409,3553
서울특별시,중랑구,2013,여자,2081,2292,2427,2621,2685,2797,2931,2778,2750,2928,3000,2984,3079,3221,3268,3563,3789,3664,3566,3181,2926,2935,2894,3054,3247,3327,3432,3510,3527,3582,3614,3400,3382,3503,3406
서울특별시,중랑구,2014,여자,1940,2112,2305,2443,2668,2719,2852,3015,2884,2856,3004,3042,3000,3082,3207,3247,3544,3697,3615,3528,3115,2861,2880,2826,2998,3178,3298,3380,3481,3489,3576,3617,3418,3381,3508
서울특별시,중랑구,2015,여자,1947,1982,2123,2326,2504,2703,2751,2954,3099,2958,2926,3011,3034,2967,3043,3141,3178,3473,3609,3527,3467,3019,2792,2787,2789,2951,3140,3247,3334,3450,3481,3554,3640,3407,3381
서울특별시,중랑구,2016,여자,1793,1974,1985,2123,2371,2520,2710,2818,3003,3160,3032,2932,2993,2958,2900,2989,3069,3110,3351,3457,3405,3337,2905,2690,2737,2712,2895,3081,3188,3310,3421,3441,3571,3611,3404
서울특별시,중랑구,2017,여자,1533,1787,1976,1991,2157,2393,2550,2758,2885,3081,3242,3080,2944,2967,2930,2899,2971,2983,3046,3249,3350,3282,3213,2807,2631,2657,2665,2843,3035,3158,3278,3410,3437,3576,3613
서울특별시,중랑구,2018,여자,1431,1522,1787,1988,2019,2175,2438,2614,2850,2967,3159,3322,3089,2970,2940,2916,2867,2891,2900,2941,3134,3211,3173,3106,2741,2551,2586,2615,2775,2979,3123,3250,3380,3429,3584
서울특별시,중랑구,2019,여자,1388,1435,1520,1794,2005,2045,2222,2500,2708,2938,3067,3246,3324,3123,2948,2896,2861,2799,2779,2770,2823,2987,3091,3049,3016,2637,2468,2532,2526,2715,2920,3080,3219,3335,3420
서울특별시,중랑구,2020,여자,1231,1385,1434,1537,1815,2056,2105,2313,2628,2852,3088,3187,3328,3382,3110,2924,2845,2774,2722,2690,2695,2716,2881,2992,2958,2923,2548,2409,2453,2489,2670,2892,3040,3178,3313
서울특별시,중랑구,2021,여자,1141,1230,1393,1450,1577,1868,2121,2201,2464,2779,3000,3251,3290,3421,3389,3136,2882,2773,2725,2657,2621,2613,2620,2798,2885,2868,2826,2478,2342,2423,2448,2644,2864,3006,3169
서울특별시,중랑구,2022,여자,1168,1148,1248,1398,1498,1647,1960,2228,2379,2627,2949,3158,3329,3387,3462,3436,3099,2862,2753,2658,2613,2558,2541,2541,2703,2821,2792,2759,2432,2318,2371,2408,2627,2838,2996
서울특별시,성북구,2012,여자,2508,2538,2608,2661,2904,3199,3165,3123,3294,3387,3503,3666,3696,3890,4152,4314,4305,4250,3908,3794,3928,3940,4195,4505,4484,4462,4461,4259,4131,3914,3564,3479,3614,3561,3608
서울특별시,성북구,2013,여자,2419,2491,2521,2651,2893,3125,3358,3275,3279,3389,3431,3525,3581,3586,3720,4023,4178,4176,4120,3787,3670,3811,3838,4110,4374,4403,4393,4359,4213,4075,3885,3533,3434,3630,3564
서울특별시,성북구,2014,여자,2325,2404,2475,2532,2883,3085,3270,3465,3361,3325,3370,3381,3430,3424,3429,3570,3839,3989,4011,4017,3642,3521,3683,3726,3995,4267,4270,4275,4261,4174,4001,3817,3494,3411,3606
서울특별시,성북구,2015,여자,2344,2306,2382,2492,2782,3081,3211,3380,3522,3384,3276,3293,3241,3265,3268,3280,3386,3622,3839,3865,3869,3532,3398,3547,3623,3894,4126,4151,4186,4233,4098,3927,3762,3445,3365
서울특별시,성북구,2016,여자,2250,2308,2286,2421,2769,3006,3210,3312,3475,3560,3324,3186,3102,3099,3125,3131,3092,3182,3511,3684,3742,3747,3408,3283,3419,3539,3793,4011,4062,4144,4175,4008,3855,3724,3393
서울특별시,성북구,2017,여자,2016,2227,2303,2329,2712,3004,3152,3304,3409,3467,3475,3238,3017,2967,2956,2979,2955,2952,3074,3382,3576,3634,3612,3319,3174,3357,3450,3696,3926,4009,4067,4102,3970,3810,3700
서울특별시,성북구,2018,여자,1893,2006,2222,2330,2641,2960,3173,3276,3414,3375,3404,3395,3109,2935,2854,2806,2857,2833,2866,3002,3276,3497,3530,3493,3236,3113,3263,3357,3606,3854,3915,4020,4071,3916,3799
서울특별시,성북구,2019,여자,1845,1888,2002,2267,2720,2997,3238,3399,3488,3517,3421,3405,3354,3085,2916,2797,2798,2796,2838,2895,2975,3285,3499,3468,3461,3211,3081,3192,3297,3551,3822,3899,4005,4074,3941
서울특별시,성북구,2020,여자,1711,1832,1886,2074,2644,3139,3333,3513,3691,3626,3572,3465,3397,3300,3075,2877,2791,2815,2820,2858,2895,2993,3324,3469,3457,3457,3178,3017,3171,3245,3556,3785,3876,4021,4102
서울특별시,성북구,2021,여자,1645,1684,1831,1921,2385,3013,3417,3500,3719,3674,3578,3506,3358,3294,3226,2967,2824,2746,2791,2777,2798,2846,2945,3275,3416,3398,3395,3110,2983,3107,3230,3503,3722,3861,3984
서울특별시,성북구,2022,여자,1778,1630,1698,1860,2354,2854,3371,3651,3635,3685,3604,3476,3384,3257,3182,3121,2955,2763,2731,2774,2747,2781,2804,2930,3251,3365,3374,3367,3095,2963,3122,3238,3472,3727,3888
서울특별시,강북구,2012,여자,1747,1847,1975,1985,2129,2191,2064,1983,2090,2088,2102,2275,2402,2628,2888,2972,2925,2879,2633,2532,2603,2561,2719,2891,2920,3013,2991,2904,2936,2837,2581,2582,2665,2550,2690
서울특별시,강북구,2013,여자,1718,1765,1868,1982,2028,2140,2230,2107,2043,2088,2091,2116,2233,2369,2506,2785,2887,2792,2791,2551,2472,2528,2488,2658,2820,2884,2946,2965,2877,2924,2812,2588,2584,2627,2557
서울특별시,강북구,2014,여자,1629,1741,1787,1873,2014,2047,2161,2283,2184,2068,2104,2091,2059,2174,2273,2371,2686,2757,2682,2670,2482,2366,2442,2434,2578,2760,2787,2883,2909,2875,2881,2822,2577,2570,2613
서울특별시,강북구,2015,여자,1551,1654,1749,1801,1917,2057,2103,2204,2369,2242,2092,2101,2027,2003,2127,2134,2277,2590,2612,2534,2561,2382,2280,2368,2340,2505,2665,2713,2829,2888,2838,2881,2816,2561,2553
서울특별시,강북구,2016,여자,1445,1566,1648,1762,1855,1977,2140,2147,2258,2412,2244,2120,2045,2014,1956,2003,2057,2187,2448,2489,2424,2482,2301,2205,2274,2254,2430,2607,2669,2760,2855,2825,2873,2788,2556
서울특별시,강북구,2017,여자,1252,1448,1566,1654,1838,1945,2084,2203,2227,2329,2431,2268,2079,2052,1975,1870,1967,1960,2112,2360,2394,2348,2398,2226,2136,2200,2207,2388,2579,2633,2730,2836,2821,2869,2795
서울특별시,강북구,2018,여자,1162,1248,1467,1569,1766,1948,2054,2153,2293,2322,2399,2464,2243,2009,2000,1890,1822,1883,1906,2043,2260,2304,2251,2301,2147,2070,2138,2168,2360,2563,2608,2705,2817,2808,2861
서울특별시,강북구,2019,여자,1151,1151,1254,1458,1684,1865,2054,2140,2246,2343,2338,2411,2406,2146,1926,1906,1826,1752,1799,1841,1953,2162,2199,2160,2221,2061,2004,2081,2130,2307,2515,2581,2686,2780,2787
서울특별시,강북구,2020,여자,1040,1141,1135,1251,1550,1789,1970,2155,2254,2268,2337,2306,2353,2304,2057,1873,1859,1740,1679,1713,1767,1857,2035,2110,2079,2127,1996,1944,2029,2079,2248,2507,2546,2648,2771
서울특별시,강북구,2021,여자,955,1039,1125,1140,1332,1643,1880,2040,2217,2239,2277,2279,2267,2247,2196,2015,1800,1759,1655,1594,1635,1672,1752,1949,2036,1992,2054,1940,1880,1985,2029,2233,2444,2494,2615
서울특별시,강북구,2022,여자,956,949,1033,1132,1264,1473,1780,1997,2123,2220,2211,2228,2236,2205,2147,2144,1893,1715,1654,1586,1512,1578,1619,1692,1893,1967,1944,1997,1893,1840,1936,1996,2191,2400,2434
서울특별시,도봉구,2012,여자,2188,2241,2299,2323,2448,2525,2410,2364,2393,2367,2373,2445,2490,2601,2878,3013,2968,2819,2574,2456,2529,2585,2750,3001,3104,3259,3328,3251,3322,3280,2983,3016,3143,3032,3150
서울특별시,도봉구,2013,여자,2113,2174,2226,2288,2331,2447,2527,2402,2363,2374,2353,2311,2393,2422,2539,2767,2916,2871,2786,2541,2406,2479,2525,2713,2931,3048,3199,3291,3242,3300,3231,2956,2982,3126,2979
서울특별시,도봉구,2014,여자,1942,2108,2149,2206,2304,2332,2464,2529,2400,2344,2358,2284,2241,2312,2332,2441,2667,2805,2797,2747,2465,2347,2420,2494,2645,2856,3008,3160,3253,3206,3266,3183,2926,2957,3095
서울특별시,도봉구,2015,여자,1903,1935,2081,2133,2204,2298,2329,2471,2523,2356,2332,2311,2225,2166,2191,2270,2364,2562,2725,2749,2688,2403,2303,2409,2454,2581,2819,2999,3103,3216,3167,3243,3176,2907,2952
서울특별시,도봉구,2016,여자,1796,1894,1929,2072,2145,2202,2291,2328,2470,2468,2342,2275,2255,2163,2075,2152,2203,2296,2480,2674,2727,2620,2356,2289,2365,2408,2561,2813,2969,3081,3186,3156,3222,3179,2907
서울특별시,도봉구,2017,여자,1542,1769,1897,1933,2082,2152,2196,2298,2343,2438,2445,2308,2225,2200,2117,2003,2080,2160,2209,2410,2636,2619,2543,2304,2243,2325,2376,2551,2794,2936,3042,3151,3133,3212,3148
서울특별시,도봉구,2018,여자,1415,1517,1767,1900,1931,2072,2148,2229,2329,2343,2399,2423,2270,2159,2135,2019,1927,2037,2094,2119,2370,2530,2538,2490,2253,2193,2274,2354,2516,2746,2878,2991,3145,3137,3162
서울특별시,도봉구,2019,여자,1340,1410,1517,1754,1899,1921,2049,2162,2263,2325,2312,2355,2374,2192,2087,2032,1925,1885,1954,2007,2068,2300,2467,2473,2416,2191,2129,2206,2310,2486,2710,2822,2974,3139,3075
서울특별시,도봉구,2020,여자,1205,1321,1413,1485,1736,1879,1907,2050,2169,2245,2277,2277,2284,2275,2103,1971,1942,1867,1809,1877,1932,2007,2241,2374,2387,2345,2109,2043,2156,2283,2455,2645,2784,2927,3068
서울특별시,도봉구,2021,여자,1094,1180,1324,1389,1475,1729,1894,1903,2076,2169,2171,2232,2201,2208,2190,2030,1898,1869,1806,1755,1824,1868,1937,2153,2285,2317,2260,2033,1996,2126,2243,2396,2610,2733,2872
서울특별시,도봉구,2022,여자,1150,1087,1171,1309,1410,1507,1750,1890,1967,2076,2119,2145,2180,2180,2184,2133,1968,1833,1821,1770,1701,1763,1817,1877,2102,2214,2249,2215,2010,1969,2096,2209,2366,2560,2690
서울특별시,노원구,2012,여자,4261,4329,4383,4319,4326,4356,4093,3837,3750,3616,3592,3761,3801,4067,4605,4778,4827,4885,4447,4284,4457,4566,4867,5229,5530,5917,6191,6176,6124,5901,5372,5215,5304,5119,5213
서울특별시,노원구,2013,여자,4130,4160,4260,4328,4229,4287,4259,4003,3727,3665,3523,3523,3707,3727,4075,4532,4719,4746,4784,4345,4234,4368,4483,4831,5196,5515,5933,6173,6096,6030,5786,5262,5092,5158,4996
서울특별시,노원구,2014,여자,3933,4019,4104,4194,4232,4191,4189,4151,3904,3657,3579,3435,3479,3654,3703,4011,4437,4609,4634,4606,4261,4129,4316,4424,4816,5182,5524,5926,6145,6039,5918,5677,5163,4972,5021
서울특별시,노원구,2015,여자,3870,3836,3963,4039,4128,4204,4103,4084,4053,3817,3534,3455,3382,3417,3598,3642,3928,4335,4458,4471,4474,4155,4057,4251,4418,4802,5175,5508,5899,6082,5934,5800,5543,5038,4806
서울특별시,노원구,2016,여자,3681,3789,3773,3920,4038,4124,4165,4009,4004,3940,3652,3406,3388,3287,3364,3551,3592,3835,4192,4337,4317,4380,4068,3997,4233,4410,4761,5161,5474,5831,5984,5831,5654,5419,4887
서울특별시,노원구,2017,여자,3222,3604,3726,3706,3976,4030,4067,4066,3921,3851,3781,3496,3288,3257,3186,3287,3437,3456,3697,4050,4170,4199,4281,3977,3938,4184,4350,4726,5111,5438,5744,5856,5675,5500,5264
서울특별시,노원구,2018,여자,2939,3144,3542,3656,3748,3990,3944,4003,3953,3767,3704,3617,3354,3179,3145,3076,3177,3305,3310,3543,3885,4022,4081,4166,3890,3879,4113,4311,4675,5084,5371,5609,5724,5498,5332
서울특별시,노원구,2019,여자,2834,2853,3081,3483,3665,3796,3923,3887,3898,3753,3587,3547,3505,3264,3078,3026,3027,3072,3155,3181,3421,3742,3889,3976,4106,3845,3811,4116,4260,4646,5042,5269,5511,5580,5356
서울특별시,노원구,2020,여자,2613,2762,2812,3010,3456,3670,3706,3835,3781,3664,3550,3419,3434,3425,3160,3000,3014,2997,2961,3058,3092,3328,3641,3820,3950,4061,3807,3820,4091,4259,4601,4973,5167,5393,5423
서울특별시,노원구,2021,여자,2406,2558,2733,2741,2942,3447,3600,3651,3715,3530,3446,3373,3288,3360,3339,3140,3032,3059,2949,2903,3016,3060,3300,3588,3790,3902,4028,3798,3791,4100,4220,4553,4891,5039,5242
서울특별시,노원구,2022,여자,2465,2370,2523,2688,2793,3080,3506,3624,3540,3507,3312,3285,3253,3225,3291,3337,3184,3064,3040,2909,2867,2978,3017,3240,3553,3755,3874,4021,3758,3794,4070,4170,4503,4775,4934
서울특별시,은평구,2012,여자,2911,2948,2934,3004,3078,3171,3064,2856,2932,3030,3107,3260,3490,3787,4164,4454,4564,4518,4107,3928,4061,3995,4174,4452,4539,4601,4572,4434,4365,4184,3828,3764,3913,3791,3859
서울특별시,은평구,2013,여자,2741,2947,2963,2942,3061,3145,3239,3124,2988,3035,3136,3227,3371,3573,3893,4260,4474,4603,4553,4109,3901,4036,3996,4173,4458,4531,4601,4597,4451,4362,4198,3852,3775,3944,3802
서울특별시,은평구,2014,여자,2582,2761,2948,2959,2990,3089,3188,3279,3218,3057,3134,3264,3271,3417,3602,3914,4195,4428,4527,4444,4015,3829,3965,3920,4099,4364,4492,4594,4565,4427,4342,4180,3831,3781,3920
서울특별시,은평구,2015,여자,2631,2592,2768,2951,2979,2989,3139,3234,3390,3281,3171,3228,3309,3313,3422,3563,3859,4098,4340,4411,4349,3925,3749,3857,3833,4020,4310,4453,4544,4523,4399,4311,4162,3827,3771
서울특별시,은평구,2016,여자,2494,2650,2609,2769,2959,2988,3027,3183,3338,3462,3365,3247,3292,3317,3269,3343,3509,3742,4000,4218,4323,4207,3815,3676,3805,3776,3960,4278,4383,4489,4501,4367,4264,4160,3802
서울특별시,은평구,2017,여자,2194,2502,2660,2605,2771,2966,3019,3080,3269,3425,3529,3429,3285,3264,3249,3199,3292,3411,3602,3872,4132,4146,4058,3715,3597,3718,3696,3944,4210,4315,4448,4466,4343,4240,4101
서울특별시,은평구,2018,여자,2058,2190,2520,2665,2624,2801,3013,3101,3187,3413,3544,3611,3505,3313,3284,3253,3208,3249,3330,3506,3816,4011,4011,3951,3622,3496,3636,3639,3895,4159,4301,4398,4451,4304,4198
서울특별시,은평구,2019,여자,1976,2064,2202,2517,2652,2658,2823,3096,3231,3380,3590,3690,3756,3603,3379,3300,3249,3204,3210,3269,3488,3743,3919,3917,3878,3532,3422,3559,3585,3860,4126,4262,4341,4406,4252
서울특별시,은평구,2020,여자,1780,1993,2065,2196,2510,2683,2699,2955,3303,3455,3606,3799,3883,3914,3711,3375,3297,3263,3200,3205,3281,3429,3728,3850,3854,3819,3480,3366,3524,3540,3812,4106,4217,4303,4375
서울특별시,은평구,2021,여자,1712,1800,1992,2069,2213,2556,2754,2845,3160,3523,3645,3798,3947,4035,3983,3718,3360,3281,3268,3185,3182,3209,3410,3674,3783,3784,3779,3421,3335,3456,3500,3763,4071,4173,4286
서울특별시,은평구,2022,여자,1824,1720,1798,1992,2095,2263,2627,2861,3034,3347,3712,3800,3916,4007,4034,3963,3650,3298,3250,3199,3101,3105,3119,3325,3624,3681,3738,3699,3378,3286,3397,3448,3738,4034,4147
서울특별시,서대문구,2012,여자,1736,1810,1849,1916,2019,2121,2068,2052,2190,2307,2403,2437,2453,2581,2805,2829,2803,2708,2372,2293,2347,2330,2449,2686,2751,2797,2874,2799,2722,2691,2438,2342,2491,2424,2436
서울특별시,서대문구,2013,여자,1598,1738,1820,1872,2020,2177,2239,2158,2180,2291,2376,2375,2401,2439,2530,2725,2780,2728,2624,2308,2244,2325,2299,2432,2639,2714,2772,2842,2773,2708,2675,2414,2315,2478,2453
서울특별시,서대문구,2014,여자,1496,1606,1726,1840,1969,2158,2256,2301,2310,2296,2333,2372,2342,2374,2342,2452,2622,2661,2627,2535,2238,2195,2257,2242,2376,2597,2653,2728,2802,2757,2681,2636,2381,2287,2494
서울특별시,서대문구,2015,여자,1501,1514,1601,1757,1967,2126,2245,2346,2427,2444,2355,2351,2346,2303,2270,2270,2357,2520,2595,2563,2460,2201,2158,2215,2208,2371,2557,2630,2715,2794,2723,2682,2627,2361,2290
서울특별시,서대문구,2016,여자,1480,1530,1532,1640,1920,2130,2245,2368,2437,2573,2549,2362,2337,2308,2246,2218,2236,2347,2484,2580,2547,2445,2214,2144,2219,2222,2355,2566,2635,2723,2782,2750,2699,2629,2388
서울특별시,서대문구,2017,여자,1308,1510,1530,1555,1791,2115,2286,2402,2499,2556,2652,2570,2350,2288,2236,2175,2152,2259,2292,2455,2540,2528,2418,2183,2135,2206,2224,2361,2541,2639,2715,2788,2753,2698,2671
서울특별시,서대문구,2018,여자,1231,1315,1481,1536,1695,2015,2272,2449,2574,2620,2628,2675,2538,2284,2198,2171,2091,2157,2194,2240,2379,2515,2484,2384,2160,2111,2226,2192,2324,2512,2596,2687,2750,2735,2712
서울특별시,서대문구,2019,여자,1218,1233,1295,1487,1704,1956,2176,2432,2671,2714,2698,2647,2647,2486,2196,2152,2143,2088,2101,2148,2177,2353,2476,2433,2363,2131,2100,2178,2161,2284,2494,2569,2630,2730,2718
서울특별시,서대문구,2020,여자,1130,1226,1230,1326,1664,2023,2181,2397,2675,2820,2816,2745,2667,2635,2467,2204,2190,2189,2098,2095,2158,2191,2346,2457,2407,2347,2117,2111,2175,2134,2283,2493,2563,2653,2730
서울특별시,서대문구,2021,여자,1080,1125,1224,1251,1466,2000,2239,2361,2625,2829,2902,2825,2702,2634,2623,2439,2218,2208,2185,2091,2119,2155,2184,2317,2402,2380,2307,2107,2082,2132,2082,2264,2472,2561,2646
서울특별시,서대문구,2022,여자,1100,1083,1124,1234,1438,1828,2235,2446,2603,2775,2881,2846,2747,2660,2575,2567,2386,2195,2184,2168,2093,2092,2142,2154,2290,2396,2358,2264,2064,2082,2115,2080,2251,2469,2555
서울특별시,마포구,2012,여자,1937,1961,2000,2010,2191,2358,2372,2403,2595,2789,3026,3334,3478,3838,4211,4350,4259,4203,3735,3548,3697,3648,3712,3880,3874,3814,3694,3497,3287,3073,2739,2689,2819,2734,2798
서울특별시,마포구,2013,여자,1834,1901,1942,2024,2155,2337,2518,2526,2606,2821,2963,3198,3459,3553,3768,4111,4185,4075,3988,3571,3397,3586,3521,3579,3753,3764,3705,3632,3405,3218,3021,2703,2674,2814,2721
서울특별시,마포구,2014,여자,1774,1812,1895,1976,2203,2313,2490,2683,2770,2884,3017,3159,3405,3551,3547,3787,4114,4086,3998,3920,3479,3351,3512,3436,3496,3668,3682,3635,3584,3336,3183,3014,2711,2661,2813
서울특별시,마포구,2015,여자,1842,1760,1819,1935,2175,2385,2475,2686,2967,3061,3080,3221,3363,3499,3646,3660,3871,4083,4061,3947,3844,3414,3324,3482,3372,3419,3588,3600,3619,3513,3328,3186,3033,2716,2681
서울특별시,마포구,2016,여자,1731,1809,1743,1831,2078,2342,2522,2662,2917,3222,3245,3231,3345,3417,3562,3654,3631,3791,3946,3945,3797,3687,3339,3217,3370,3256,3309,3490,3537,3523,3452,3288,3143,2998,2701
서울특별시,마포구,2017,여자,1501,1682,1778,1744,1958,2254,2473,2715,2872,3180,3446,3377,3339,3360,3433,3548,3581,3520,3594,3802,3774,3636,3527,3167,3084,3232,3167,3197,3370,3442,3431,3391,3195,3094,2960
서울특별시,마포구,2018,여자,1414,1470,1666,1793,1922,2164,2449,2704,2983,3211,3483,3645,3560,3450,3437,3461,3522,3507,3410,3484,3681,3631,3496,3385,3071,3014,3171,3086,3111,3306,3371,3386,3352,3184,3068
서울특별시,마포구,2019,여자,1430,1389,1457,1688,1995,2141,2415,2729,3041,3378,3526,3719,3867,3736,3513,3464,3467,3476,3460,3325,3402,3558,3515,3392,3292,3046,2925,3130,3021,3056,3250,3329,3381,3326,3152
서울특별시,마포구,2020,여자,1364,1393,1377,1471,1883,2249,2426,2752,3133,3448,3686,3747,3893,4014,3756,3547,3464,3427,3430,3335,3241,3295,3425,3418,3283,3222,2935,2859,3036,2961,2997,3205,3284,3335,3292
서울특별시,마포구,2021,여자,1307,1324,1394,1389,1655,2147,2557,2754,3172,3491,3730,3914,3899,3970,4020,3744,3464,3387,3372,3291,3236,3130,3173,3321,3325,3190,3134,2867,2794,2990,2906,2962,3160,3261,3318
서울특별시,마포구,2022,여자,1397,1273,1322,1403,1583,1908,2423,2854,3115,3497,3729,3979,4053,3946,3993,3986,3637,3339,3286,3264,3179,3136,3021,3081,3225,3221,3104,3072,2816,2751,2934,2871,2911,3129,3240
서울특별시,양천구,2012,여자,3800,3802,3856,3843,3721,3678,3349,3128,3116,3046,3087,3167,3259,3484,3768,3904,3876,3768,3479,3396,3501,3536,3862,4206,4521,4895,5199,5280,5338,5238,4731,4649,4783,4517,4471
서울특별시,양천구,2013,여자,3630,3686,3734,3770,3657,3582,3545,3260,3083,3061,3014,3072,3131,3211,3436,3712,3842,3749,3747,3444,3356,3506,3556,3907,4250,4567,4947,5205,5290,5299,5136,4630,4537,4649,4400
서울특별시,양천구,2014,여자,3455,3519,3604,3621,3581,3519,3446,3442,3218,3020,3027,2997,3033,3101,3164,3359,3663,3761,3725,3685,3420,3361,3507,3619,3930,4328,4631,4991,5203,5229,5198,4997,4506,4408,4494
서울특별시,양천구,2015,여자,3398,3365,3445,3499,3436,3446,3375,3348,3401,3155,3001,3010,3000,3013,3054,3102,3305,3581,3698,3698,3671,3424,3374,3551,3653,4026,4390,4706,5012,5176,5145,5076,4838,4375,4274
서울특별시,양천구,2016,여자,3186,3302,3301,3356,3326,3292,3320,3255,3262,3329,3102,2948,2991,2929,2971,2989,3049,3218,3540,3645,3659,3697,3446,3419,3575,3751,4090,4422,4756,5009,5097,5052,4922,4697,4261
서울특별시,양천구,2017,여자,2837,3095,3248,3216,3168,3153,3157,3165,3176,3191,3237,3026,2876,2906,2871,2897,2888,2977,3154,3447,3597,3644,3699,3491,3416,3661,3790,4106,4454,4738,4919,5012,4927,4764,4538
서울특별시,양천구,2018,여자,2684,2766,3061,3173,3001,3004,3022,3035,3094,3108,3114,3175,2954,2829,2846,2797,2795,2795,2881,3082,3390,3540,3625,3719,3515,3496,3692,3844,4155,4458,4686,4863,4880,4771,4577
서울특별시,양천구,2019,여자,2608,2609,2729,2982,2926,2852,2881,2922,2980,3065,3058,3091,3131,2921,2776,2739,2731,2667,2719,2807,3008,3346,3487,3630,3765,3574,3557,3765,3898,4158,4443,4637,4725,4740,4598
서울특별시,양천구,2020,여자,2432,2539,2567,2642,2740,2809,2728,2771,2887,2956,3027,3077,3066,3126,2885,2688,2663,2657,2592,2673,2765,3011,3345,3501,3708,3832,3675,3630,3820,3919,4169,4396,4550,4594,4590
서울특별시,양천구,2021,여자,2328,2358,2498,2498,2451,2620,2682,2651,2730,2852,2931,3024,3033,3056,3075,2809,2588,2622,2570,2541,2644,2764,3044,3346,3583,3763,3912,3712,3676,3871,3918,4131,4337,4418,4447
서울특별시,양천구,2022,여자,2444,2251,2334,2449,2342,2320,2501,2623,2643,2731,2859,2911,2976,3000,3005,2988,2716,2535,2547,2504,2501,2616,2760,3040,3351,3595,3784,3929,3726,3704,3861,3889,4055,4221,4279
서울특별시,강서구,2012,여자,3177,3300,3428,3547,3704,3775,3589,3499,3717,3868,4004,4240,4521,5021,5526,5733,5682,5722,5074,4753,4801,4702,4940,5038,4968,4970,4898,4770,4748,4595,4298,4339,4553,4431,4590
서울특별시,강서구,2013,여자,3009,3183,3298,3436,3545,3679,3820,3674,3655,3870,4065,4187,4365,4650,5049,5550,5680,5699,5568,5022,4675,4701,4633,4821,4933,4891,4888,4852,4735,4664,4564,4276,4333,4536,4401
서울특별시,강서구,2014,여자,2804,3042,3218,3362,3493,3570,3764,3994,3928,3919,4150,4321,4373,4539,4823,5187,5624,5804,5691,5605,5024,4757,4719,4611,4802,4921,4892,4881,4869,4714,4679,4591,4326,4369,4541
서울특별시,강서구,2015,여자,2889,2856,3093,3289,3434,3538,3681,3968,4264,4249,4204,4459,4542,4570,4786,4989,5266,5737,5873,5684,5593,5095,4774,4704,4619,4791,4943,4863,4912,4877,4753,4719,4647,4351,4369
서울특별시,강서구,2016,여자,2839,2934,2884,3124,3332,3463,3652,3875,4256,4570,4568,4532,4667,4750,4804,4930,5014,5303,5755,5814,5650,5535,5037,4672,4650,4575,4763,4884,4871,4880,4882,4768,4726,4639,4320
서울특별시,강서구,2017,여자,2495,2867,2943,2918,3166,3402,3589,3861,4240,4639,5029,4972,4824,4952,5007,4983,5045,5107,5305,5733,5764,5604,5504,4965,4618,4625,4526,4716,4892,4851,4877,4888,4762,4741,4611
서울특별시,강서구,2018,여자,2350,2504,2856,2961,2931,3250,3485,3753,4220,4668,5117,5390,5292,5047,5146,5114,5034,5109,5076,5168,5616,5634,5502,5361,4850,4532,4528,4461,4652,4840,4815,4829,4850,4743,4679
서울특별시,강서구,2019,여자,2273,2362,2504,2844,2953,3010,3307,3631,4067,4696,5126,5480,5728,5474,5168,5180,5056,4955,4979,4837,5017,5381,5433,5286,5176,4701,4404,4424,4346,4560,4755,4704,4769,4777,4653
서울특별시,강서구,2020,여자,2092,2273,2366,2481,2852,3006,3072,3475,4025,4554,5174,5553,5840,5940,5578,5232,5140,4898,4774,4747,4596,4756,5116,5150,5046,4975,4522,4273,4283,4237,4430,4644,4603,4656,4677
서울특별시,강서구,2021,여자,1985,2094,2265,2358,2495,2904,3081,3273,3913,4494,5052,5640,5903,6033,6070,5637,5192,5019,4736,4563,4542,4388,4520,4844,4901,4844,4782,4402,4146,4173,4109,4343,4525,4513,4556
서울특별시,강서구,2022,여자,2062,2000,2101,2281,2396,2559,2956,3305,3677,4375,5002,5551,5940,6078,6168,6108,5575,5097,4871,4600,4424,4392,4248,4365,4653,4764,4719,4687,4291,4053,4087,4056,4274,4471,4432
서울특별시,구로구,2012,여자,2074,2176,2282,2317,2418,2494,2414,2360,2550,2729,2856,3088,3341,3644,4182,4447,4500,4495,4057,3821,3854,3698,3738,3763,3697,3585,3463,3371,3313,3217,3018,2996,3076,3025,3183
서울특별시,구로구,2013,여자,1969,2096,2191,2304,2376,2448,2554,2485,2488,2714,2877,2962,3233,3425,3699,4191,4375,4359,4400,3952,3678,3726,3598,3611,3677,3603,3482,3427,3334,3295,3219,2987,2999,3069,3011
서울특별시,구로구,2014,여자,1856,2004,2124,2225,2358,2426,2526,2692,2630,2656,2860,2963,3068,3276,3441,3693,4127,4266,4257,4224,3814,3579,3623,3504,3505,3614,3518,3418,3400,3327,3324,3210,3012,2972,3075
서울특별시,구로구,2015,여자,1888,1889,2023,2162,2280,2439,2518,2652,2855,2810,2821,2980,3052,3136,3279,3448,3668,4029,4160,4111,4107,3660,3470,3479,3377,3397,3502,3419,3340,3399,3322,3320,3246,2980,2988
서울특별시,구로구,2016,여자,1788,1908,1894,2045,2213,2355,2510,2582,2824,2995,2954,2938,3037,3104,3129,3265,3326,3564,3891,3978,3950,3908,3524,3289,3349,3224,3256,3411,3315,3325,3366,3305,3338,3225,2964
서울특별시,구로구,2017,여자,1583,1795,1905,1902,2074,2267,2415,2573,2724,2927,3082,3025,2985,3004,3088,3084,3110,3229,3406,3691,3785,3769,3734,3341,3161,3215,3100,3171,3308,3262,3306,3329,3279,3313,3211
서울특별시,구로구,2018,여자,1489,1588,1795,1910,1949,2108,2323,2486,2738,2837,3024,3138,3101,2967,2988,3019,2998,3008,3064,3242,3498,3617,3566,3531,3196,3018,3063,2993,3060,3224,3217,3242,3288,3268,3315
서울특별시,구로구,2019,여자,1436,1493,1600,1803,1993,2001,2193,2422,2748,2913,3044,3140,3252,3156,3016,2994,3012,3003,2928,2965,3147,3404,3467,3447,3427,3089,2883,2983,2925,2990,3171,3165,3237,3293,3267
서울특별시,구로구,2020,여자,1313,1448,1507,1620,1849,2053,2107,2309,2678,2912,3098,3168,3226,3355,3214,3059,3033,3056,3009,2913,2952,3077,3297,3372,3352,3329,2996,2797,2925,2848,2939,3136,3184,3216,3304
서울특별시,구로구,2021,여자,1260,1323,1458,1521,1648,1885,2149,2209,2530,2840,3028,3190,3196,3316,3352,3255,3031,3012,3028,2924,2838,2828,2958,3157,3222,3223,3216,2881,2723,2827,2773,2896,3119,3132,3226
서울특별시,구로구,2022,여자,1391,1271,1330,1451,1555,1693,1981,2258,2452,2783,3038,3157,3264,3289,3356,3408,3256,3058,2997,2941,2834,2750,2744,2841,3045,3131,3132,3135,2817,2652,2774,2719,2858,3082,3125
서울특별시,금천구,2012,여자,1277,1345,1440,1489,1537,1557,1513,1457,1477,1581,1670,1720,1795,1931,2070,2135,2075,1996,1828,1710,1735,1776,1821,1933,1955,1963,2057,2035,2048,2061,1953,1978,2031,1951,2011
서울특별시,금천구,2013,여자,1235,1286,1344,1428,1491,1542,1589,1562,1519,1545,1621,1708,1702,1773,1884,2006,2084,2008,1928,1764,1651,1709,1730,1771,1884,1920,1944,2009,2016,2043,2059,1959,1968,2039,1925
서울특별시,금천구,2014,여자,1147,1242,1287,1321,1424,1505,1577,1628,1624,1606,1591,1672,1698,1682,1736,1815,1938,1991,1937,1859,1711,1601,1653,1687,1736,1820,1887,1899,1993,1999,2024,2056,1937,1962,2027
서울특별시,금천구,2015,여자,1062,1153,1241,1265,1334,1442,1522,1610,1707,1716,1662,1633,1676,1677,1668,1689,1759,1865,1901,1846,1806,1650,1546,1586,1644,1678,1796,1850,1879,1959,1972,1993,2028,1928,1963
서울특별시,금천구,2016,여자,984,1073,1143,1236,1291,1376,1460,1557,1694,1791,1788,1680,1654,1645,1658,1634,1632,1713,1789,1841,1776,1748,1604,1475,1537,1602,1637,1753,1818,1841,1938,1958,1986,2025,1937
서울특별시,금천구,2017,여자,875,996,1065,1153,1250,1323,1424,1524,1642,1811,1896,1833,1731,1672,1640,1645,1601,1623,1683,1752,1791,1723,1719,1555,1437,1506,1551,1597,1730,1795,1818,1941,1950,1991,2018
서울특별시,금천구,2018,여자,806,877,991,1068,1177,1266,1379,1504,1619,1796,1937,1990,1887,1768,1671,1644,1642,1571,1594,1624,1712,1714,1680,1647,1509,1412,1449,1514,1573,1717,1776,1812,1924,1945,1983
서울특별시,금천구,2019,여자,771,803,874,989,1110,1212,1335,1487,1621,1770,1956,2076,2058,1944,1779,1648,1649,1575,1539,1537,1577,1634,1631,1604,1600,1461,1361,1416,1465,1551,1687,1752,1807,1912,1946
서울특별시,금천구,2020,여자,701,770,801,868,1023,1151,1277,1455,1664,1835,2008,2148,2217,2176,1981,1760,1620,1631,1552,1493,1489,1507,1552,1577,1560,1542,1426,1323,1365,1433,1524,1651,1745,1799,1892
서울특별시,금천구,2021,여자,656,692,776,800,901,1059,1202,1382,1656,1930,2137,2248,2377,2318,2246,2006,1762,1654,1621,1538,1450,1442,1449,1512,1519,1510,1511,1369,1278,1338,1419,1489,1643,1737,1784
서울특별시,금천구,2022,여자,677,640,699,785,824,926,1114,1326,1567,1895,2206,2349,2451,2448,2392,2278,2030,1760,1652,1623,1489,1402,1401,1407,1458,1475,1479,1450,1333,1255,1324,1384,1480,1625,1731
서울특별시,영등포구,2012,여자,1823,1950,2020,1992,2198,2339,2286,2214,2409,2679,2823,2967,3150,3422,3739,3949,3936,3884,3548,3395,3493,3360,3321,3400,3379,3402,3350,3239,3187,3017,2783,2721,2903,2833,2916
서울특별시,영등포구,2013,여자,1766,1829,1927,2011,2057,2227,2393,2384,2393,2649,2845,2981,3086,3253,3429,3760,3849,3799,3749,3395,3242,3328,3201,3170,3248,3269,3273,3232,3162,3081,2983,2724,2702,2848,2814
서울특별시,영등포구,2014,여자,1640,1772,1818,1927,2071,2105,2282,2519,2591,2632,2842,3032,3139,3217,3333,3423,3721,3773,3657,3616,3264,3082,3187,3056,3049,3108,3152,3171,3139,3067,3023,2937,2698,2667,2841
서울특별시,영등포구,2015,여자,1562,1631,1767,1818,1992,2122,2176,2391,2736,2820,2840,3021,3173,3232,3310,3315,3456,3633,3631,3525,3489,3102,2947,3043,2929,2876,2994,3058,3051,3073,2976,2992,2889,2679,2657
서울특별시,영등포구,2016,여자,1453,1568,1606,1769,1854,2013,2167,2258,2608,2969,3030,3016,3110,3217,3277,3279,3291,3342,3502,3515,3394,3313,2943,2810,2923,2783,2739,2874,2954,2960,2991,2917,2919,2817,2635
서울특별시,영등포구,2017,여자,1232,1468,1556,1611,1802,1879,2089,2288,2520,2896,3213,3215,3109,3129,3259,3243,3218,3195,3242,3411,3385,3255,3178,2811,2720,2775,2658,2636,2785,2846,2901,2927,2864,2878,2779
서울특별시,영등포구,2018,여자,1132,1242,1478,1557,1684,1855,1998,2246,2601,2874,3205,3514,3388,3191,3257,3332,3261,3186,3155,3175,3309,3289,3164,3040,2706,2597,2673,2568,2561,2713,2778,2870,2880,2853,2865
서울특별시,영등포구,2019,여자,1105,1146,1250,1482,1649,1772,1981,2179,2605,2954,3245,3560,3788,3615,3371,3346,3375,3240,3181,3083,3097,3197,3208,3059,2902,2618,2508,2591,2516,2508,2650,2758,2812,2840,2858
서울특별시,영등포구,2020,여자,1039,1135,1154,1284,1644,1787,1923,2198,2586,3015,3378,3620,3921,4072,3851,3540,3486,3442,3297,3176,3103,3070,3187,3204,2994,2878,2617,2493,2574,2495,2491,2665,2751,2844,2876
서울특별시,영등포구,2021,여자,996,1082,1135,1191,1441,1776,1954,2182,2646,3021,3509,3780,3934,4161,4300,3987,3658,3569,3426,3291,3163,3105,3040,3168,3152,2970,2875,2594,2462,2544,2466,2504,2668,2779,2868
서울특별시,영등포구,2022,여자,1057,1013,1082,1162,1297,1553,1947,2245,2642,3068,3529,3872,4035,4098,4305,4304,3956,3607,3487,3341,3192,3081,2992,2930,3071,3031,2906,2808,2536,2404,2501,2426,2481,2657,2765
서울특별시,동작구,2012,여자,1940,2019,2098,2199,2348,2533,2543,2582,2810,3058,3333,3595,3782,3976,4287,4297,4215,4183,3728,3497,3551,3393,3436,3465,3436,3460,3425,3296,3152,3028,2720,2635,2876,2925,2982
서울특별시,동작구,2013,여자,1885,1996,2065,2159,2399,2529,2700,2777,2898,3105,3293,3520,3714,3842,3935,4237,4282,4106,4070,3647,3443,3482,3329,3412,3440,3391,3413,3386,3252,3178,3043,2767,2701,2959,3014
서울특별시,동작구,2014,여자,1764,1933,2017,2090,2390,2546,2661,2897,3054,3124,3299,3429,3607,3764,3772,3829,4130,4113,3987,3935,3519,3378,3346,3258,3336,3353,3298,3353,3330,3236,3179,3071,2812,2758,2998
서울특별시,동작구,2015,여자,1683,1790,1942,2021,2279,2503,2651,2819,3141,3234,3252,3375,3463,3543,3658,3612,3610,3930,3900,3782,3739,3421,3227,3227,3150,3211,3216,3198,3270,3254,3188,3158,3069,2833,2751
서울특별시,동작구,2016,여자,1614,1707,1803,1983,2221,2424,2640,2852,3104,3384,3392,3370,3445,3403,3479,3535,3426,3461,3742,3732,3618,3610,3283,3125,3141,3057,3111,3128,3148,3213,3219,3159,3172,3088,2830
서울특별시,동작구,2017,여자,1474,1648,1722,1844,2207,2407,2593,2865,3164,3381,3573,3556,3437,3413,3348,3364,3403,3283,3352,3626,3571,3493,3488,3156,3021,3072,2962,3028,3069,3108,3185,3177,3162,3176,3084
서울특별시,동작구,2018,여자,1388,1507,1667,1768,2098,2404,2602,2854,3235,3479,3605,3789,3608,3467,3324,3289,3253,3223,3151,3243,3462,3420,3351,3364,3046,2955,2958,2866,2946,3001,3067,3136,3181,3174,3177
서울특별시,동작구,2019,여자,1334,1410,1515,1726,2062,2360,2651,2893,3274,3571,3755,3857,3901,3670,3438,3335,3205,3115,3094,3024,3125,3303,3271,3257,3245,2965,2842,2860,2807,2872,2965,3046,3152,3199,3193
서울특별시,동작구,2020,여자,1253,1351,1415,1535,1959,2309,2612,2914,3275,3581,3825,3948,3969,3916,3677,3370,3263,3096,3009,2929,2881,2992,3164,3146,3115,3106,2855,2735,2758,2739,2825,2939,2998,3151,3205
서울특별시,동작구,2021,여자,1214,1283,1367,1440,1718,2186,2545,2825,3263,3592,3792,3880,3969,3941,3860,3540,3246,3104,2981,2864,2772,2763,2872,3016,3027,2970,3022,2756,2640,2695,2692,2778,2891,2991,3144
서울특별시,동작구,2022,여자,1226,1256,1287,1408,1676,2011,2445,2779,3233,3597,3846,3872,3879,3861,3820,3706,3333,3068,2952,2855,2705,2678,2664,2767,2930,2929,2899,2912,2683,2567,2664,2642,2732,2872,2983
서울특별시,관악구,2012,여자,2269,2373,2400,2519,2804,3142,3290,3546,4081,4733,5259,5618,5804,6020,6436,6358,5991,5587,4909,4503,4438,4274,4267,4240,4139,4152,4075,3864,3743,3645,3359,3316,3463,3356,3536
서울특별시,관악구,2013,여자,2113,2308,2381,2448,2720,3077,3466,3752,4104,4640,5179,5484,5636,5596,5737,6063,5926,5609,5221,4611,4259,4187,4055,4041,4051,4000,4021,3991,3778,3708,3615,3317,3324,3455,3368
서울특별시,관악구,2014,여자,1972,2154,2337,2435,2679,3024,3427,3923,4333,4686,5122,5462,5457,5479,5347,5411,5612,5559,5199,4877,4327,3978,3953,3811,3843,3879,3834,3932,3913,3706,3658,3577,3303,3322,3476
서울특별시,관악구,2015,여자,1895,2007,2182,2395,2689,3029,3396,3877,4551,4926,5163,5417,5462,5380,5255,5019,5047,5237,5189,4876,4581,4058,3757,3729,3592,3674,3729,3723,3836,3796,3638,3627,3563,3311,3315
서울특별시,관악구,2016,여자,1771,1923,2023,2225,2669,3048,3416,3912,4583,5254,5472,5458,5493,5372,5150,4882,4673,4687,4874,4867,4561,4306,3799,3555,3508,3423,3539,3604,3626,3718,3731,3589,3610,3559,3310
서울특별시,관악구,2017,여자,1579,1790,1919,2059,2554,3034,3459,3981,4740,5399,5929,5825,5577,5432,5160,4845,4548,4353,4356,4533,4522,4258,4010,3592,3370,3342,3290,3390,3520,3536,3642,3661,3551,3580,3542
서울특별시,관악구,2018,여자,1475,1590,1788,1963,2448,2968,3568,4081,4960,5695,6235,6444,6083,5642,5282,4929,4545,4262,4047,4028,4197,4210,3977,3798,3426,3206,3196,3116,3286,3412,3433,3600,3618,3523,3539
서울특별시,관악구,2019,여자,1398,1483,1597,1840,2389,2887,3567,4261,5139,6035,6520,6774,6725,6153,5453,5031,4600,4229,3925,3770,3695,3905,3911,3738,3598,3232,3050,3040,3008,3171,3330,3380,3537,3596,3479
서울특별시,관악구,2020,여자,1315,1409,1489,1640,2231,2812,3404,4251,5229,6193,6754,6963,6954,6689,5851,5120,4677,4210,3884,3682,3460,3404,3596,3618,3490,3385,3076,2908,2937,2907,3092,3229,3319,3486,3519
서울특별시,관악구,2021,여자,1243,1324,1414,1521,1966,2634,3317,4052,5151,6239,6901,7155,7006,6790,6330,5416,4749,4261,3828,3538,3347,3175,3136,3339,3370,3289,3206,2921,2789,2818,2805,3011,3178,3248,3416
서울특별시,관악구,2022,여자,1255,1251,1330,1462,1878,2411,3203,4057,5065,6237,7088,7364,7215,6867,6485,5950,5049,4382,3908,3485,3250,3136,2945,2959,3170,3199,3119,3071,2807,2704,2713,2750,2967,3123,3205
서울특별시,서초구,2012,여자,2775,2744,2761,2747,2748,2786,2712,2702,2876,3049,3162,3346,3536,3948,4318,4476,4449,4310,3905,3731,3928,3828,3845,4039,4223,4401,4480,4412,4230,4020,3473,3269,3511,3452,3366
서울특별시,서초구,2013,여자,2705,2667,2704,2743,2728,2730,2811,2720,2766,3009,3163,3288,3451,3643,3985,4321,4449,4433,4306,3880,3803,3972,3896,3906,4173,4317,4516,4551,4458,4221,3996,3442,3222,3444,3378
서울특별시,서초구,2014,여자,2690,2626,2653,2715,2798,2689,2797,2846,2841,2880,3165,3265,3399,3554,3709,4001,4340,4511,4416,4366,3992,3866,4081,3994,4056,4327,4481,4592,4623,4464,4207,3985,3425,3189,3428
서울특별시,서초구,2015,여자,2776,2602,2598,2658,2762,2740,2728,2843,2962,2938,3032,3239,3334,3485,3593,3701,3972,4344,4385,4434,4385,4006,3910,4145,4022,4112,4400,4502,4615,4596,4435,4184,3935,3374,3166
서울특별시,서초구,2016,여자,2672,2628,2553,2576,2641,2681,2721,2755,2903,3089,3067,3141,3284,3417,3492,3579,3654,3870,4190,4344,4391,4352,3985,3909,4116,4015,4126,4402,4480,4567,4547,4382,4102,3840,3307
서울특별시,서초구,2017,여자,2382,2522,2575,2541,2572,2566,2646,2703,2813,3028,3204,3181,3197,3369,3436,3453,3518,3557,3776,4098,4248,4303,4291,3964,3892,4109,4023,4108,4365,4471,4518,4481,4273,3983,3748
서울특별시,서초구,2018,여자,2269,2258,2463,2532,2528,2490,2493,2622,2750,2916,3095,3293,3260,3242,3363,3364,3359,3414,3430,3635,3919,4116,4218,4210,3915,3842,4082,3963,4082,4352,4419,4408,4349,4135,3878
서울특별시,서초구,2019,여자,2318,2151,2210,2420,2555,2449,2439,2514,2710,2881,2960,3167,3373,3337,3228,3345,3289,3282,3320,3322,3515,3823,4056,4138,4163,3847,3807,4043,3927,4066,4291,4311,4320,4210,4052
서울특별시,서초구,2020,여자,2218,2212,2099,2187,2431,2498,2425,2471,2626,2804,2918,3015,3194,3406,3295,3182,3229,3235,3207,3229,3244,3431,3782,3988,4100,4118,3820,3826,4020,3910,4004,4208,4229,4188,4113
서울특별시,서초구,2021,여자,2124,2120,2148,2061,2171,2361,2422,2416,2516,2671,2843,2930,3011,3147,3291,3118,3014,3124,3097,3132,3109,3150,3366,3700,3917,4058,4090,3831,3805,3965,3826,3942,4102,4098,4037
서울특별시,서초구,2022,여자,2291,2018,2080,2115,2064,2089,2290,2397,2448,2566,2717,2830,2939,3023,3037,3153,2997,2913,3001,3011,3028,3014,3071,3286,3618,3864,4007,4055,3810,3750,3906,3769,3857,3995,3965
서울특별시,강남구,2012,여자,3815,3839,4048,4007,3956,3989,3832,3719,3916,4172,4411,4877,5237,5729,6252,6498,6341,6216,5535,4947,4897,4580,4602,4798,4951,5190,5474,5577,5575,5615,5099,4912,5285,4995,4646
서울특별시,강남구,2013,여자,3748,3806,3919,4012,3876,3860,3997,3887,3851,4085,4332,4556,4943,5266,5647,6092,6315,6111,6008,5287,4779,4754,4528,4611,4782,5051,5319,5612,5712,5661,5635,5032,4822,5144,4835
서울특별시,강남구,2014,여자,3619,3794,3933,3953,3940,3814,3896,4100,4027,4081,4308,4561,4733,5039,5292,5641,6038,6222,5957,5855,5174,4747,4763,4574,4684,4991,5279,5561,5863,5895,5775,5634,4978,4728,5010
서울특별시,강남구,2015,여자,3664,3640,3891,3932,3867,3837,3803,3944,4160,4236,4271,4543,4722,4889,5060,5266,5562,5921,6051,5864,5773,5158,4740,4836,4683,4847,5241,5508,5776,6031,6028,5792,5572,4845,4593
서울특별시,강남구,2016,여자,3443,3630,3681,3822,3775,3684,3741,3748,3978,4241,4367,4381,4601,4740,4801,4858,5064,5258,5601,5787,5630,5548,5022,4715,4805,4712,4966,5296,5596,5817,6055,5950,5639,5367,4649
서울특별시,강남구,2017,여자,2952,3419,3653,3611,3685,3594,3576,3708,3791,4065,4362,4422,4421,4551,4645,4568,4674,4767,4928,5295,5487,5360,5317,4891,4614,4775,4741,4963,5341,5570,5823,5943,5764,5439,5113
서울특별시,강남구,2018,여자,2815,2935,3440,3597,3432,3484,3444,3520,3716,3861,4140,4470,4407,4350,4458,4433,4382,4449,4494,4637,5068,5215,5137,5177,4778,4583,4789,4780,5015,5334,5552,5741,5786,5532,5144
서울특별시,강남구,2019,여자,2848,2820,2979,3404,3458,3274,3372,3392,3605,3800,4029,4312,4539,4389,4343,4379,4326,4255,4266,4279,4494,4858,5101,5074,5155,4832,4649,4899,4909,5074,5346,5553,5656,5595,5301
서울특별시,강남구,2020,여자,2755,2849,2844,2953,3329,3294,3160,3330,3527,3727,3977,4158,4404,4509,4423,4275,4297,4182,4119,4133,4180,4365,4816,5061,5082,5208,4941,4767,5036,5037,5130,5396,5517,5535,5407
서울특별시,강남구,2021,여자,2770,2723,2863,2838,2876,3164,3161,3104,3435,3668,3874,4047,4171,4353,4419,4285,4083,4057,3978,3947,3967,4054,4264,4727,4999,5050,5288,5010,4836,5154,5106,5148,5329,5404,5337
서울특별시,강남구,2022,여자,2998,2740,2750,2866,2787,2766,3060,3136,3228,3598,3804,3948,4098,4172,4272,4329,4117,3895,3843,3841,3768,3906,3970,4228,4701,4967,5126,5370,5086,4921,5230,5099,5132,5213,5269
서울특별시,송파구,2012,여자,4327,4413,4438,4433,4454,4520,4414,4352,4540,4710,5009,5399,5703,6209,6820,6988,6968,6858,6088,5676,5690,5455,5627,6040,6248,6432,6405,6282,6190,5960,5433,5362,5644,5464,5517
서울특별시,송파구,2013,여자,4021,4253,4353,4367,4310,4409,4457,4379,4430,4627,4856,5122,5447,5701,6153,6627,6833,6820,6696,5940,5577,5615,5386,5574,5961,6185,6372,6301,6158,6102,5872,5316,5263,5521,5343
서울특별시,송파구,2014,여자,3753,3956,4215,4304,4250,4293,4357,4463,4480,4524,4760,5004,5165,5489,5675,6025,6523,6718,6664,6571,5882,5497,5548,5344,5550,5935,6144,6324,6246,6072,6042,5797,5247,5190,5425
서울특별시,송파구,2015,여자,3818,3711,3909,4170,4221,4201,4259,4386,4542,4621,4676,4865,5040,5237,5483,5618,5905,6368,6545,6475,6432,5762,5390,5434,5297,5524,5861,6098,6247,6163,5990,5954,5710,5160,5100
서울특별시,송파구,2016,여자,3636,3769,3655,3868,4092,4150,4166,4285,4460,4718,4823,4787,4951,5137,5302,5522,5535,5824,6260,6417,6329,6322,5685,5289,5347,5248,5472,5770,5999,6173,6086,5901,5864,5583,5066
서울특별시,송파구,2017,여자,3113,3615,3743,3656,3825,4039,4133,4217,4449,4692,5012,5063,5010,5169,5325,5474,5555,5561,5870,6254,6363,6301,6321,5676,5229,5317,5218,5430,5711,5963,6120,6088,5847,5769,5537
서울특별시,송파구,2018,여자,2946,3108,3606,3764,3657,3803,4056,4222,4496,4768,5093,5387,5368,5321,5439,5521,5563,5588,5643,5820,6231,6338,6277,6281,5600,5210,5319,5221,5378,5699,5913,6106,6029,5775,5743
서울특별시,송파구,2019,여자,2914,2912,3094,3613,3787,3676,3878,4182,4534,4886,5199,5536,5732,5690,5592,5620,5591,5623,5623,5623,5824,6229,6337,6226,6239,5627,5234,5310,5190,5376,5655,5888,6050,5981,5735
서울특별시,송파구,2020,여자,2755,2896,2891,3085,3605,3793,3716,3999,4460,4873,5208,5570,5828,5905,5868,5693,5582,5564,5570,5594,5531,5810,6157,6275,6189,6266,5559,5184,5262,5165,5297,5623,5816,5992,5880
서울특별시,송파구,2021,여자,2719,2729,2848,2881,3040,3573,3795,3797,4229,4728,5082,5407,5682,5858,5944,5815,5552,5448,5411,5380,5385,5416,5613,6000,6130,6108,6117,5447,5069,5191,5034,5200,5511,5705,5840
서울특별시,송파구,2022,여자,2906,2685,2705,2865,2873,3020,3596,3873,4046,4546,4949,5289,5546,5763,5881,5934,5755,5467,5386,5251,5252,5296,5303,5515,5926,6051,6027,6060,5379,5050,5108,4976,5111,5476,5619
서울특별시,강동구,2012,여자,2820,2967,3086,3076,3181,3315,3131,3089,3166,3252,3324,3554,3696,3997,4491,4740,4724,4685,4174,3858,3771,3617,3790,3979,4097,4190,4198,4189,4266,4202,3879,3895,4175,4133,4250
서울특별시,강동구,2013,여자,2683,2807,2957,3068,3009,3139,3282,3127,3113,3209,3272,3388,3513,3673,3935,4421,4551,4572,4509,4026,3725,3683,3555,3705,3901,4037,4092,4152,4159,4206,4118,3846,3822,4107,4055
서울특별시,강동구,2014,여자,2522,2669,2790,2931,2998,2963,3115,3278,3182,3158,3244,3306,3382,3517,3623,3871,4262,4457,4428,4326,3899,3641,3633,3473,3659,3842,3947,4047,4100,4127,4149,4070,3797,3745,4035
서울특별시,강동구,2015,여자,2479,2493,2626,2726,2834,2900,2884,3093,3263,3137,3149,3195,3260,3320,3391,3461,3681,4092,4247,4173,4112,3716,3488,3486,3378,3540,3734,3861,3945,3995,4034,4032,3990,3659,3628
서울특별시,강동구,2016,여자,2249,2432,2448,2561,2608,2730,2794,2825,3071,3194,3103,3080,3114,3171,3162,3185,3309,3526,3844,3978,3918,3868,3510,3323,3306,3234,3395,3623,3726,3802,3858,3886,3912,3841,3520
서울특별시,강동구,2017,여자,1894,2223,2404,2389,2469,2528,2659,2725,2855,3067,3187,3085,3037,3064,3081,3038,3125,3243,3407,3694,3826,3810,3756,3412,3213,3252,3149,3326,3531,3656,3725,3752,3777,3798,3694
서울특별시,강동구,2018,여자,1812,1893,2206,2343,2317,2399,2488,2636,2791,2889,3136,3229,3100,3006,2980,3027,2987,3075,3137,3332,3573,3753,3692,3677,3371,3165,3205,3101,3288,3493,3628,3658,3659,3684,3668
서울특별시,강동구,2019,여자,1808,1823,1904,2189,2314,2294,2393,2543,2766,2915,3079,3268,3375,3173,2989,3026,3021,3029,3031,3146,3291,3566,3742,3695,3681,3355,3163,3213,3113,3284,3497,3631,3624,3622,3643
서울특별시,강동구,2020,여자,1715,1837,1858,1933,2252,2366,2362,2516,2751,3004,3213,3322,3524,3627,3361,3239,3213,3225,3209,3232,3335,3471,3783,3959,3910,3883,3549,3320,3345,3232,3381,3586,3708,3694,3693
서울특별시,강동구,2021,여자,1670,1735,1850,1885,2010,2310,2467,2494,2741,3011,3309,3478,3542,3750,3768,3570,3431,3332,3402,3383,3367,3463,3662,3966,4154,4101,4063,3707,3428,3423,3317,3455,3669,3780,3755
서울특별시,강동구,2022,여자,1805,1682,1728,1859,1914,2022,2350,2550,2669,2937,3269,3513,3587,3623,3743,3771,3586,3379,3353,3404,3333,3349,3469,3668,3976,4156,4105,4088,3700,3395,3420,3326,3474,3666,3772
부산광역시,소계,2012,여자,20326,21127,21731,21955,22562,23200,21993,21570,21821,21439,21344,21501,22130,23764,26086,27699,27994,27518,24829,23311,23431,23583,25393,27101,27793,28525,29428,29728,30423,30541,28587,28124,29101,28598,30739
부산광역시,소계,2013,여자,19225,20311,21119,21641,21997,22767,23347,22077,21445,21442,21053,20831,20958,21608,23110,25468,27098,27506,27115,24551,23165,23303,23522,25359,27090,27726,28542,29425,29682,30295,30452,28507,28034,29020,28445
부산광역시,소계,2014,여자,18153,19223,20303,21081,21703,22279,22987,23536,22021,21144,21049,20634,20420,20509,21095,22607,25043,26704,27193,26909,24440,23093,23275,23541,25392,27055,27738,28577,29418,29606,30207,30433,28420,27946,28864
부산광역시,소계,2015,여자,17854,18144,19230,20291,21130,22072,22526,23186,23500,21794,20785,20683,20321,20017,20104,20670,22250,24745,26452,27030,26794,24397,23035,23302,23534,25384,27033,27757,28577,29370,29569,30216,30362,28356,27813
부산광역시,소계,2016,여자,16965,17840,18144,19211,20337,21400,22274,22627,23177,23266,21419,20431,20368,19938,19623,19668,20314,21975,24533,26261,26856,26739,24307,22955,23212,23482,25337,26990,27707,28493,29310,29535,30138,30275,28190
부산광역시,소계,2017,여자,14856,16936,17796,18096,19236,20576,21614,22316,22652,22944,22845,21060,20047,20006,19491,19124,19278,19945,21740,24271,25959,26652,26516,24102,22803,23035,23389,25165,26879,27554,28388,29189,29379,29994,30081
부산광역시,소계,2018,여자,13695,14809,16867,17761,18135,19532,20787,21734,22370,22376,22562,22381,20633,19628,19498,19014,18669,18845,19620,21412,23915,25662,26339,26252,23891,22594,22884,23195,25055,26703,27422,28210,28995,29207,29795
부산광역시,소계,2019,여자,13294,13646,14774,16832,17866,18434,19775,21108,21869,22085,21941,21979,21898,20111,19139,19021,18602,18299,18496,19294,21142,23667,25404,26101,26030,23729,22445,22754,23081,24910,26571,27232,28057,28844,28996
부산광역시,소계,2020,여자,12393,13241,13630,14737,16950,18259,18831,20214,21409,21597,21643,21451,21559,21412,19748,18830,18763,18349,18048,18279,19155,21015,23567,25282,25967,25951,23591,22353,22652,23008,24811,26408,27117,27962,28680
부산광역시,소계,2021,여자,11897,12334,13226,13611,14834,17355,18719,19269,20457,21064,21156,21201,21087,21214,21150,19514,18598,18582,18186,17930,18223,19065,20983,23490,25219,25908,25820,23504,22305,22587,22924,24688,26283,27010,27836
부산광역시,소계,2022,여자,12683,11850,12344,13218,13817,15182,17872,19126,19358,20083,20569,20690,20781,20747,20921,20834,19291,18388,18413,18095,17873,18125,19026,20893,23412,25155,25797,25756,23457,22201,22494,22821,24575,26148,26882
부산광역시,중구,2012,여자,212,222,220,231,259,262,232,251,280,283,281,264,269,302,351,373,382,340,294,281,271,276,307,336,326,335,369,367,374,350,331,339,352,356,406
부산광역시,중구,2013,여자,189,215,225,221,235,271,270,248,253,287,277,265,259,262,280,334,358,363,307,288,265,262,273,312,327,321,334,372,363,367,345,324,339,359,356
부산광역시,중구,2014,여자,181,193,214,221,225,245,271,282,260,272,273,280,265,258,249,276,313,342,324,302,270,259,257,274,305,324,308,333,361,359,356,351,323,348,360
부산광역시,중구,2015,여자,185,182,198,215,228,234,250,281,302,275,271,285,284,260,259,243,263,294,317,298,290,263,243,244,266,305,308,298,322,360,355,362,348,321,347
부산광역시,중구,2016,여자,160,185,187,202,222,233,245,267,306,309,278,286,278,264,254,248,237,244,272,289,282,281,245,232,236,258,296,301,287,333,360,358,353,345,321
부산광역시,중구,2017,여자,125,158,186,190,205,231,244,255,284,322,325,291,269,255,250,242,235,226,220,260,263,269,266,240,222,228,254,290,296,291,334,355,341,356,347
부산광역시,중구,2018,여자,115,123,159,187,190,216,242,251,268,297,332,316,282,255,239,228,221,221,203,200,235,244,250,254,228,211,220,238,279,280,292,316,334,335,353
부산광역시,중구,2019,여자,107,117,122,159,193,205,226,250,272,282,308,320,310,263,238,217,218,205,195,185,187,224,228,235,242,210,200,211,222,258,276,276,300,322,327
부산광역시,중구,2020,여자,95,107,114,124,173,207,236,235,297,302,309,314,327,294,255,227,218,197,183,179,181,190,219,221,227,233,199,195,205,218,249,266,273,293,313
부산광역시,중구,2021,여자,84,93,106,116,138,196,242,248,306,334,338,324,323,332,292,263,220,209,192,170,181,185,191,214,208,220,223,193,194,208,213,239,270,274,293
부산광역시,중구,2022,여자,94,87,90,106,131,170,233,264,311,343,364,345,319,335,317,294,252,222,197,184,167,177,186,185,200,198,215,223,185,193,205,210,246,265,276
부산광역시,서구,2012,여자,634,674,683,686,720,741,719,734,739,701,698,698,727,747,797,858,838,787,709,635,601,641,732,778,814,839,847,880,891,869,823,841,867,855,925
부산광역시,서구,2013,여자,606,631,668,664,681,734,757,731,722,702,678,666,655,690,694,750,804,779,763,676,612,585,636,715,773,802,825,838,858,876,855,816,833,857,845
부산광역시,서구,2014,여자,571,603,628,659,674,713,754,771,748,698,685,636,635,630,658,663,730,755,766,742,667,600,601,628,715,755,809,834,836,855,869,851,818,826,864
부산광역시,서구,2015,여자,530,558,602,623,654,712,732,773,799,743,661,639,624,594,594,608,639,697,728,759,723,656,612,599,625,688,768,816,832,833,850,853,849,809,837
부산광역시,서구,2016,여자,496,509,553,588,601,678,719,750,805,799,700,630,610,595,554,539,569,602,660,715,738,700,634,603,586,609,687,756,795,811,818,822,841,836,795
부산광역시,서구,2017,여자,399,477,505,542,568,622,696,722,796,795,751,675,592,585,559,505,501,525,564,644,693,711,674,612,589,574,597,668,740,780,785,794,814,822,807
부산광역시,서구,2018,여자,352,393,486,511,555,612,658,695,777,776,751,734,647,560,567,531,484,472,504,568,634,699,696,673,615,580,577,606,677,740,768,788,802,815,820
부산광역시,서구,2019,여자,370,349,406,489,548,610,641,681,765,759,743,724,708,596,546,551,504,453,470,503,563,631,681,700,676,611,587,584,614,676,749,771,799,814,822
부산광역시,서구,2020,여자,350,368,353,406,528,604,632,675,781,753,720,705,700,652,565,528,522,482,454,457,492,544,623,667,693,684,608,585,595,618,681,738,778,804,812
부산광역시,서구,2021,여자,330,346,371,356,449,586,637,660,777,742,706,688,680,655,636,538,505,502,475,442,447,495,551,609,670,697,681,616,596,608,615,673,748,782,804
부산광역시,서구,2022,여자,339,320,349,374,406,499,630,658,726,738,691,680,656,654,626,581,514,497,481,463,436,452,501,551,624,682,710,697,628,603,612,607,679,751,787
부산광역시,동구,2012,여자,473,483,525,540,517,522,497,523,526,513,546,557,598,629,679,723,704,664,600,572,553,538,588,632,647,651,673,691,705,694,668,664,679,663,770
부산광역시,동구,2013,여자,430,460,473,506,525,507,526,495,518,513,512,508,532,569,589,615,666,652,627,567,542,527,515,561,626,635,648,666,684,692,677,661,661,661,657
부산광역시,동구,2014,여자,409,424,454,472,497,516,521,528,503,509,512,489,490,507,517,532,577,625,607,585,547,517,503,493,549,628,621,641,659,664,694,685,655,642,647
부산광역시,동구,2015,여자,384,400,415,456,466,488,522,532,533,509,514,516,470,479,462,486,502,549,579,561,568,522,493,480,479,546,615,609,631,646,661,696,665,656,637
부산광역시,동구,2016,여자,354,376,393,412,452,459,490,522,530,535,517,521,480,452,429,439,446,471,509,526,533,542,503,470,469,468,537,599,594,624,632,651,670,669,649
부산광역시,동구,2017,여자,300,359,375,395,419,451,461,496,526,528,554,510,489,467,431,415,416,434,450,478,517,517,528,489,471,462,466,529,585,590,611,627,645,677,667
부산광역시,동구,2018,여자,247,299,359,373,398,421,452,471,516,526,547,540,512,495,462,423,404,414,420,433,467,508,502,515,480,455,466,462,521,579,577,616,630,653,675
부산광역시,동구,2019,여자,239,252,307,361,377,402,426,462,506,530,546,539,564,528,489,460,423,408,413,422,428,483,514,509,509,467,459,465,457,525,580,579,627,639,672
부산광역시,동구,2020,여자,222,254,263,316,377,392,404,438,510,535,559,553,565,582,546,507,478,445,431,422,439,455,502,525,517,505,473,474,466,469,538,586,602,642,666
부산광역시,동구,2021,여자,212,227,255,274,323,388,398,423,478,545,572,569,583,567,595,574,509,497,449,434,424,445,469,500,531,514,509,491,478,471,478,547,601,604,649
부산광역시,동구,2022,여자,232,211,225,258,274,330,396,420,451,494,589,574,582,584,583,613,561,501,501,439,425,417,460,467,510,522,515,509,491,480,475,479,549,595,608
부산광역시,영도구,2012,여자,742,776,762,761,804,831,764,759,808,766,741,765,827,870,887,926,950,949,846,794,786,817,884,953,976,958,982,1007,1040,1028,979,997,1047,1006,1123
부산광역시,영도구,2013,여자,678,745,755,754,745,778,809,727,732,774,729,681,719,758,775,814,851,892,897,804,750,746,798,864,922,939,929,955,984,1020,1018,965,978,1025,987
부산광역시,영도구,2014,여자,615,670,720,746,736,727,757,789,695,697,733,674,630,657,687,706,749,792,835,850,756,711,715,773,831,880,909,912,932,975,998,1006,946,954,1004
부산광역시,영도구,2015,여자,573,609,659,711,728,737,713,745,741,665,659,672,630,590,613,638,651,707,737,806,817,727,681,695,749,800,856,896,890,925,956,980,996,923,941
부산광역시,영도구,2016,여자,534,580,605,651,694,722,722,693,711,700,622,616,635,595,541,569,583,613,670,724,782,783,711,664,674,730,782,854,880,883,913,938,967,972,905
부산광역시,영도구,2017,여자,469,540,577,595,631,680,703,693,680,657,662,593,578,587,542,499,538,545,596,649,690,754,765,699,647,659,715,782,842,879,866,901,918,944,947
부산광역시,영도구,2018,여자,404,466,531,567,577,623,663,672,671,632,621,632,538,536,541,490,476,497,535,559,623,671,730,734,679,634,640,698,767,835,856,853,884,897,925
부산광역시,영도구,2019,여자,373,399,455,519,555,571,609,636,631,625,591,589,564,505,494,478,450,436,469,498,540,604,647,696,711,663,619,623,678,752,813,832,839,865,880
부산광역시,영도구,2020,여자,341,370,391,449,497,550,551,584,586,586,577,553,531,532,471,452,436,416,404,442,475,525,577,634,681,689,643,605,598,670,729,789,823,827,851
부산광역시,영도구,2021,여자,319,341,369,392,425,489,540,527,552,544,543,551,508,514,508,453,433,427,416,394,432,471,505,577,637,664,678,626,590,604,664,718,787,816,818
부산광역시,영도구,2022,여자,336,320,348,366,371,413,496,501,505,513,511,521,512,487,488,487,449,435,438,413,395,437,459,509,587,633,665,668,629,591,606,659,724,785,806
부산광역시,부산진구,2012,여자,1968,2045,2177,2231,2297,2475,2474,2505,2615,2655,2673,2790,2816,3040,3386,3485,3440,3344,2980,2788,2761,2706,2809,2981,3021,3078,3074,3000,3106,3142,2960,2917,3044,3035,3212
부산광역시,부산진구,2013,여자,1850,1953,2048,2176,2298,2422,2603,2568,2570,2657,2655,2647,2703,2775,2970,3274,3364,3334,3233,2922,2699,2690,2683,2788,2937,2998,3075,3058,2990,3068,3118,2960,2914,3062,2995
부산광역시,부산진구,2014,여자,1738,1848,1954,2051,2263,2429,2575,2712,2703,2643,2702,2664,2639,2672,2742,2879,3171,3258,3236,3151,2803,2614,2647,2645,2746,2871,2974,3048,3041,2964,3061,3126,2953,2927,3030
부산광역시,부산진구,2015,여자,1693,1738,1848,1953,2134,2376,2580,2675,2851,2768,2646,2716,2645,2619,2619,2633,2759,3035,3122,3075,3027,2702,2507,2589,2580,2669,2841,2923,3013,3005,2964,3035,3111,2951,2902
부산광역시,부산진구,2016,여자,1603,1673,1720,1844,2010,2235,2497,2680,2772,2924,2751,2648,2635,2601,2520,2501,2485,2627,2886,2973,2938,2912,2593,2438,2495,2504,2636,2784,2890,2970,2985,2920,3021,3103,2925
부산광역시,부산진구,2017,여자,1417,1603,1661,1722,1895,2107,2364,2618,2771,2861,2935,2766,2586,2606,2527,2430,2397,2392,2532,2790,2851,2841,2826,2521,2371,2423,2453,2563,2750,2852,2943,2956,2916,3021,3083
부산광역시,부산진구,2018,여자,1286,1419,1591,1658,1784,1996,2247,2474,2707,2846,2876,2926,2689,2538,2535,2415,2315,2285,2297,2413,2679,2711,2747,2734,2456,2296,2365,2371,2507,2695,2798,2894,2919,2889,2988
부산광역시,부산진구,2019,여자,1208,1268,1412,1595,1732,1909,2162,2405,2621,2838,2902,2843,2857,2608,2449,2439,2278,2177,2161,2182,2293,2549,2613,2643,2636,2394,2229,2298,2328,2471,2648,2758,2861,2884,2849
부산광역시,부산진구,2020,여자,1117,1203,1280,1431,1700,1917,2128,2413,2651,2807,2971,2936,2888,2883,2599,2453,2412,2218,2122,2120,2108,2268,2508,2559,2587,2622,2341,2198,2265,2318,2466,2636,2769,2858,2882
부산광역시,부산진구,2021,여자,1091,1125,1209,1292,1545,1893,2163,2349,2660,2787,2912,2993,2958,2915,2898,2601,2460,2354,2195,2105,2058,2091,2252,2474,2515,2590,2565,2297,2160,2245,2309,2455,2629,2763,2864
부산광역시,부산진구,2022,여자,1181,1107,1126,1228,1416,1715,2152,2380,2597,2745,2886,2945,2973,2956,2904,2861,2596,2415,2329,2207,2084,2036,2096,2245,2441,2526,2549,2524,2296,2160,2218,2311,2444,2630,2768
부산광역시,동래구,2012,여자,1757,1819,1798,1794,1829,1843,1755,1720,1784,1730,1702,1697,1741,1892,2052,2103,2172,2160,1939,1802,1828,1918,2046,2215,2250,2299,2380,2398,2503,2543,2375,2306,2411,2366,2544
부산광역시,동래구,2013,여자,1625,1732,1807,1763,1742,1806,1822,1734,1715,1736,1678,1638,1641,1675,1782,1967,2007,2062,2054,1884,1783,1809,1888,2041,2184,2229,2314,2371,2422,2482,2533,2354,2293,2375,2320
부산광역시,동래구,2014,여자,1544,1619,1732,1780,1730,1730,1798,1819,1719,1699,1675,1635,1595,1582,1589,1735,1899,1958,2006,2050,1897,1779,1827,1917,2069,2206,2257,2323,2388,2436,2485,2522,2342,2267,2362
부산광역시,동래구,2015,여자,1540,1550,1614,1721,1729,1707,1720,1772,1795,1689,1632,1632,1592,1554,1501,1518,1683,1843,1928,1991,2044,1888,1789,1858,1948,2096,2211,2291,2327,2419,2428,2483,2472,2317,2263
부산광역시,동래구,2016,여자,1456,1553,1548,1609,1658,1703,1698,1684,1767,1751,1631,1574,1600,1547,1469,1409,1499,1609,1799,1925,2017,2057,1900,1792,1887,1989,2113,2263,2287,2360,2419,2419,2439,2448,2299
부산광역시,동래구,2017,여자,1321,1467,1552,1538,1561,1638,1698,1671,1657,1720,1714,1565,1526,1556,1448,1375,1377,1456,1587,1836,1947,2025,2072,1920,1835,1924,2029,2162,2262,2322,2367,2415,2410,2422,2418
부산광역시,동래구,2018,여자,1245,1316,1455,1531,1483,1527,1616,1675,1636,1623,1699,1645,1515,1497,1479,1398,1315,1347,1426,1594,1803,1943,2011,2080,1938,1848,1934,2045,2158,2264,2314,2344,2398,2389,2388
부산광역시,동래구,2019,여자,1199,1261,1308,1440,1483,1451,1522,1625,1663,1624,1622,1649,1634,1508,1497,1468,1408,1338,1383,1453,1612,1851,2008,2065,2138,2010,1880,1958,2070,2161,2271,2301,2346,2411,2388
부산광역시,동래구,2020,여자,1111,1219,1266,1298,1408,1445,1449,1548,1627,1637,1609,1595,1608,1638,1521,1477,1480,1414,1399,1440,1509,1672,1978,2094,2141,2230,2071,1920,2003,2101,2199,2282,2306,2383,2414
부산광역시,동래구,2021,여자,1105,1109,1225,1245,1254,1369,1424,1464,1534,1585,1590,1547,1538,1601,1578,1487,1446,1436,1412,1415,1427,1515,1736,2007,2125,2167,2267,2092,1938,2022,2108,2196,2244,2322,2357
부산광역시,동래구,2022,여자,1223,1118,1118,1223,1212,1246,1357,1451,1458,1521,1557,1548,1549,1558,1583,1582,1495,1437,1468,1463,1436,1478,1595,1802,2091,2189,2243,2349,2152,1978,2064,2119,2209,2288,2326
부산광역시,남구,2012,여자,1582,1675,1695,1692,1809,1911,1805,1785,1836,1785,1772,1752,1759,1935,2126,2242,2269,2327,2139,1966,1993,2033,2153,2339,2384,2411,2474,2436,2491,2446,2227,2149,2206,2169,2364
부산광역시,남구,2013,여자,1510,1585,1674,1705,1769,1903,1994,1849,1766,1788,1735,1713,1676,1684,1842,2048,2162,2208,2262,2077,1932,1993,2010,2122,2319,2371,2404,2474,2420,2504,2441,2216,2157,2186,2154
부산광역시,남구,2014,여자,1503,1502,1592,1685,1768,1865,1960,2014,1819,1714,1727,1665,1647,1615,1617,1785,2008,2115,2152,2205,2063,1932,1990,2001,2102,2310,2371,2403,2444,2432,2486,2427,2194,2144,2160
부산광역시,남구,2015,여자,1530,1485,1496,1586,1723,1857,1884,1963,1957,1744,1654,1621,1592,1553,1540,1545,1702,1922,2029,2085,2152,2026,1906,1976,1959,2080,2303,2350,2373,2424,2400,2458,2392,2161,2097
부산광역시,남구,2016,여자,1450,1517,1493,1492,1624,1786,1892,1880,1903,1881,1653,1561,1543,1489,1484,1451,1469,1606,1832,1965,2026,2104,1975,1881,1935,1947,2064,2294,2327,2349,2400,2395,2449,2350,2117
부산광역시,남구,2017,여자,1244,1435,1510,1477,1524,1662,1840,1873,1814,1835,1771,1591,1474,1474,1408,1373,1368,1381,1562,1761,1892,1976,2041,1943,1844,1912,1922,2038,2276,2290,2331,2388,2369,2400,2305
부산광역시,남구,2018,여자,1174,1255,1426,1515,1545,1600,1735,1876,1841,1781,1765,1703,1543,1407,1409,1359,1360,1348,1387,1554,1784,1952,2002,2086,1988,1874,1933,1921,2067,2266,2308,2341,2395,2377,2399
부산광역시,남구,2019,여자,1140,1178,1251,1433,1607,1642,1674,1809,1899,1803,1692,1673,1641,1473,1376,1374,1384,1375,1347,1418,1607,1834,1992,2064,2145,2016,1899,1947,1938,2072,2267,2310,2325,2413,2374
부산광역시,남구,2020,여자,1044,1113,1156,1233,1480,1696,1712,1748,1836,1815,1681,1598,1578,1536,1387,1302,1319,1322,1313,1312,1379,1545,1796,1969,2046,2109,1985,1864,1928,1905,2029,2230,2247,2288,2359
부산광역시,남구,2021,여자,1012,1027,1108,1147,1283,1585,1783,1801,1736,1727,1680,1578,1530,1469,1455,1305,1226,1272,1227,1260,1276,1338,1504,1770,1941,2010,2071,1951,1842,1886,1876,2003,2202,2200,2256
부산광역시,남구,2022,여자,1065,1004,1033,1104,1268,1419,1742,1887,1732,1626,1569,1533,1496,1420,1414,1381,1254,1208,1185,1194,1230,1264,1311,1482,1733,1905,1970,2049,1912,1796,1858,1849,1989,2156,2191
부산광역시,북구,2012,여자,2081,2167,2239,2287,2351,2351,2165,2113,2042,2012,1976,1908,1912,2009,2172,2304,2238,2203,2031,1936,1958,1985,2179,2359,2526,2602,2719,2858,3031,3077,2958,2900,2929,2838,3032
부산광역시,북구,2013,여자,1962,2089,2175,2251,2281,2341,2330,2155,2086,2017,1986,1921,1864,1883,1960,2163,2257,2226,2213,2025,1947,1961,1993,2158,2371,2523,2613,2731,2880,3035,3102,2972,2895,2947,2850
부산광역시,북구,2014,여자,1802,1963,2079,2176,2239,2238,2316,2313,2107,2030,1975,1915,1855,1796,1793,1863,2072,2178,2177,2152,1983,1917,1923,1953,2135,2355,2485,2594,2727,2864,3030,3090,2936,2886,2927
부산광역시,북구,2015,여자,1743,1797,1958,2091,2163,2246,2245,2311,2270,2060,2008,1925,1890,1809,1738,1735,1858,2060,2177,2181,2145,1997,1893,1930,1943,2143,2343,2473,2601,2727,2883,3035,3095,2975,2897
부산광역시,북구,2016,여자,1638,1755,1800,1953,2069,2183,2237,2230,2268,2208,2027,1941,1915,1870,1782,1710,1758,1892,2091,2232,2170,2182,1999,1910,1924,1954,2161,2342,2503,2606,2730,2883,3026,3132,2982
부산광역시,북구,2017,여자,1384,1633,1752,1766,1922,2034,2132,2194,2155,2186,2146,1935,1873,1861,1817,1704,1678,1731,1842,2062,2166,2156,2145,1957,1873,1909,1935,2139,2335,2466,2571,2699,2818,2992,3102
부산광역시,북구,2018,여자,1246,1359,1628,1721,1729,1864,1982,2069,2096,2061,2095,2037,1837,1789,1749,1724,1631,1605,1624,1764,1974,2096,2079,2088,1907,1846,1863,1901,2107,2281,2426,2524,2638,2774,2948
부산광역시,북구,2019,여자,1191,1226,1350,1614,1659,1686,1818,1919,1981,1999,1944,1993,1909,1762,1668,1658,1653,1563,1526,1547,1697,1883,2014,2037,2049,1874,1817,1832,1870,2069,2252,2384,2479,2599,2727
부산광역시,북구,2020,여자,1094,1155,1212,1334,1558,1594,1637,1739,1833,1887,1872,1828,1869,1824,1655,1586,1606,1582,1491,1466,1495,1618,1813,1940,1980,1995,1835,1777,1776,1847,2030,2216,2345,2428,2556
부산광역시,북구,2021,여자,1006,1072,1149,1198,1318,1498,1549,1588,1664,1750,1782,1772,1746,1807,1760,1624,1564,1584,1549,1484,1470,1476,1583,1772,1925,1967,1978,1818,1758,1770,1811,2004,2211,2328,2415
부산광역시,북구,2022,여자,1033,999,1074,1146,1178,1276,1454,1523,1516,1600,1667,1708,1710,1729,1781,1761,1615,1568,1615,1559,1505,1476,1466,1576,1770,1939,1958,1981,1823,1744,1740,1802,2000,2198,2321
부산광역시,해운대구,2012,여자,2861,2916,3004,2996,2879,2857,2667,2507,2507,2421,2381,2395,2417,2538,2831,3090,3281,3349,3087,2956,3126,3187,3518,3786,3967,4179,4308,4241,4220,4239,3840,3753,3892,3742,3805
부산광역시,해운대구,2013,여자,2705,2860,2907,2970,2895,2814,2800,2641,2479,2427,2366,2368,2370,2356,2542,2799,3117,3313,3350,3089,3004,3140,3203,3546,3800,3982,4215,4334,4224,4201,4194,3823,3721,3853,3709
부산광역시,해운대구,2014,여자,2584,2696,2827,2867,2841,2815,2741,2785,2592,2407,2349,2304,2313,2286,2344,2502,2793,3154,3287,3355,3101,3024,3135,3232,3564,3808,3961,4193,4324,4170,4153,4156,3788,3651,3781
부산광역시,해운대구,2015,여자,2576,2558,2672,2788,2735,2747,2762,2722,2755,2561,2346,2270,2264,2257,2275,2301,2489,2837,3135,3328,3382,3132,3032,3125,3241,3581,3789,3923,4173,4287,4153,4116,4129,3738,3589
부산광역시,해운대구,2016,여자,2452,2551,2546,2638,2670,2652,2707,2697,2700,2717,2473,2270,2231,2230,2232,2233,2291,2504,2841,3137,3315,3404,3148,3007,3138,3240,3579,3758,3910,4159,4241,4122,4083,4101,3682
부산광역시,해운대구,2017,여자,2163,2432,2525,2517,2514,2587,2600,2631,2670,2623,2618,2414,2210,2178,2151,2155,2175,2267,2471,2777,3087,3279,3391,3099,2988,3111,3225,3540,3744,3872,4091,4196,4075,4029,4023
부산광역시,해운대구,2018,여자,1995,2137,2409,2503,2383,2429,2527,2576,2618,2579,2549,2565,2330,2161,2086,2089,2078,2136,2228,2458,2767,3044,3270,3333,3045,2966,3092,3185,3515,3732,3842,4050,4152,4018,3970
부산광역시,해운대구,2019,여자,1935,1965,2129,2392,2376,2295,2346,2506,2539,2543,2494,2477,2467,2280,2094,2098,2052,2080,2153,2241,2469,2765,3058,3237,3303,3052,2953,3083,3167,3518,3734,3811,4020,4140,3962
부산광역시,해운대구,2020,여자,1809,1897,1950,2106,2259,2274,2218,2288,2459,2440,2440,2394,2385,2393,2199,2095,2062,2064,2082,2132,2257,2494,2789,3069,3249,3335,3072,2965,3070,3144,3505,3701,3780,3994,4067
부산광역시,해운대구,2021,여자,1724,1775,1875,1933,1963,2151,2209,2147,2267,2351,2317,2339,2321,2331,2335,2140,2049,2055,2082,2083,2170,2270,2533,2821,3096,3269,3374,3110,2957,3034,3138,3478,3672,3725,3916
부산광역시,해운대구,2022,여자,1792,1695,1763,1855,1790,1841,2039,2124,2091,2185,2216,2223,2244,2231,2271,2252,2080,1995,2038,2073,2097,2138,2279,2528,2819,3086,3259,3374,3075,2934,3015,3104,3437,3606,3661
부산광역시,사하구,2012,여자,2229,2237,2282,2340,2452,2489,2266,2153,2176,2134,2106,2167,2267,2466,2706,2892,2895,2771,2458,2314,2350,2373,2552,2714,2743,2831,2974,3040,3109,3092,2891,2885,2962,2910,3162
부산광역시,사하구,2013,여자,2103,2189,2216,2261,2303,2452,2439,2216,2108,2089,2055,2042,2101,2231,2393,2640,2812,2816,2695,2394,2289,2332,2338,2521,2685,2690,2800,2927,3016,3082,3047,2857,2873,2943,2872
부산광역시,사하구,2014,여자,1917,2059,2167,2186,2207,2309,2401,2396,2151,2024,2007,1979,1964,2034,2134,2300,2561,2717,2745,2633,2323,2253,2289,2290,2492,2621,2657,2745,2898,2983,3016,3003,2832,2829,2890
부산광역시,사하구,2015,여자,1827,1882,2037,2138,2137,2215,2257,2338,2308,2076,1925,1938,1889,1867,1924,2040,2191,2462,2624,2654,2532,2259,2202,2213,2247,2441,2569,2615,2720,2864,2928,2983,2969,2779,2774
부산광역시,사하구,2016,여자,1696,1812,1863,2023,2111,2134,2169,2205,2256,2231,1972,1877,1863,1840,1796,1856,1946,2112,2383,2510,2558,2463,2217,2119,2159,2216,2384,2531,2595,2696,2841,2912,2964,2928,2735
부산광역시,사하구,2017,여자,1483,1687,1804,1855,2011,2120,2102,2152,2159,2191,2147,1934,1872,1842,1811,1757,1810,1896,2082,2305,2462,2522,2412,2148,2098,2130,2181,2354,2529,2565,2683,2835,2907,2948,2906
부산광역시,사하구,2018,여자,1353,1467,1673,1798,1836,2023,2086,2100,2108,2095,2115,2087,1918,1799,1790,1752,1707,1750,1865,2029,2243,2423,2451,2345,2123,2059,2099,2157,2351,2481,2557,2665,2816,2872,2929
부산광역시,사하구,2019,여자,1286,1328,1440,1656,1771,1828,2007,2072,2048,2007,1981,2016,2016,1809,1713,1696,1667,1628,1675,1812,1919,2166,2359,2370,2285,2070,2017,2064,2123,2314,2464,2522,2635,2752,2834
부산광역시,사하구,2020,여자,1180,1264,1298,1420,1631,1765,1837,1978,2003,1916,1890,1871,1934,1899,1687,1605,1590,1583,1511,1617,1717,1835,2078,2262,2314,2204,2005,1974,2024,2093,2284,2416,2479,2569,2692
부산광역시,사하구,2021,여자,1099,1167,1251,1296,1412,1648,1781,1817,1878,1875,1805,1804,1778,1870,1788,1604,1526,1520,1482,1455,1578,1636,1759,2027,2211,2247,2142,1979,1948,1993,2071,2228,2370,2424,2532
부산광역시,사하구,2022,여자,1161,1094,1171,1255,1300,1430,1667,1741,1727,1785,1753,1733,1735,1751,1810,1736,1579,1485,1490,1450,1454,1524,1607,1761,1995,2180,2223,2118,1968,1917,1984,2036,2211,2348,2410
부산광역시,금정구,2012,여자,1482,1599,1653,1686,1770,1844,1759,1692,1701,1681,1626,1543,1574,1695,1794,1896,1874,1867,1642,1510,1524,1542,1625,1745,1857,1944,2045,2145,2213,2250,2164,2137,2226,2239,2452
부산광역시,금정구,2013,여자,1402,1484,1596,1666,1755,1839,1882,1777,1685,1656,1656,1578,1472,1515,1614,1721,1806,1843,1824,1622,1503,1502,1541,1656,1759,1855,1950,2060,2147,2208,2247,2167,2123,2228,2236
부산광역시,금정구,2014,여자,1298,1402,1478,1599,1719,1833,1881,1883,1746,1615,1596,1598,1480,1391,1437,1523,1642,1709,1783,1764,1571,1474,1473,1526,1641,1744,1857,1969,2054,2123,2187,2238,2142,2121,2207
부산광역시,금정구,2015,여자,1234,1292,1393,1476,1654,1818,1873,1869,1832,1666,1548,1528,1475,1374,1325,1365,1416,1536,1650,1694,1700,1552,1448,1463,1489,1614,1744,1879,1963,2020,2099,2172,2205,2119,2090
부산광역시,금정구,2016,여자,1202,1223,1298,1394,1565,1752,1862,1870,1836,1745,1605,1473,1448,1371,1319,1260,1248,1351,1486,1585,1677,1664,1522,1437,1447,1463,1595,1739,1875,1933,2021,2086,2165,2194,2102
부산광역시,금정구,2017,여자,1060,1205,1239,1313,1511,1693,1818,1875,1826,1751,1643,1514,1394,1368,1324,1254,1192,1209,1321,1477,1577,1661,1663,1509,1455,1427,1460,1573,1758,1866,1962,2017,2090,2167,2197
부산광역시,금정구,2018,여자,944,1067,1201,1259,1441,1651,1760,1827,1802,1745,1645,1566,1438,1330,1321,1254,1202,1146,1200,1309,1443,1573,1666,1661,1519,1433,1435,1455,1603,1762,1874,1968,2001,2085,2168
부산광역시,금정구,2019,여자,888,937,1061,1202,1379,1551,1707,1791,1769,1686,1654,1553,1495,1363,1267,1235,1203,1146,1119,1155,1296,1428,1538,1643,1643,1495,1421,1428,1462,1587,1746,1869,1939,1988,2074
부산광역시,금정구,2020,여자,815,881,940,1050,1286,1508,1620,1746,1755,1657,1579,1525,1439,1399,1273,1206,1170,1132,1087,1043,1131,1265,1377,1507,1593,1608,1469,1397,1415,1431,1563,1724,1834,1916,1959
부산광역시,금정구,2021,여자,764,818,879,938,1112,1393,1595,1655,1687,1636,1538,1456,1404,1358,1300,1205,1134,1098,1088,1025,1013,1090,1232,1353,1472,1576,1588,1454,1395,1402,1412,1561,1704,1809,1885
부산광역시,금정구,2022,여자,808,758,815,876,1025,1218,1516,1637,1555,1530,1489,1397,1356,1315,1259,1218,1140,1070,1055,1036,995,980,1062,1203,1319,1452,1557,1572,1444,1375,1388,1406,1535,1683,1772
부산광역시,강서구,2012,여자,259,273,300,304,331,328,328,328,330,336,330,345,370,402,467,524,530,509,468,434,425,414,444,444,407,402,422,422,400,420,407,396,437,422,474
부산광역시,강서구,2013,여자,270,271,288,298,317,331,327,327,338,340,324,336,368,377,434,525,576,585,558,523,476,473,446,475,468,432,419,437,426,408,429,414,401,438,433
부산광역시,강서구,2014,여자,278,304,295,319,324,330,346,354,353,356,366,362,383,411,456,565,627,729,717,696,643,559,539,516,538,529,484,469,472,466,446,472,447,429,467
부산광역시,강서구,2015,여자,307,322,338,337,366,354,365,393,407,398,415,449,459,489,557,639,752,866,981,949,910,795,696,661,615,638,602,570,531,542,538,523,537,508,489
부산광역시,강서구,2016,여자,372,347,366,366,389,403,402,414,455,468,471,508,590,600,668,749,852,981,1164,1235,1216,1144,979,847,785,720,741,700,647,603,620,610,605,614,591
부산광역시,강서구,2017,여자,391,400,369,385,403,414,434,432,456,512,527,539,612,699,750,858,909,1033,1213,1349,1433,1404,1301,1100,943,873,819,804,756,711,664,664,670,664,685
부산광역시,강서구,2018,여자,389,403,410,373,401,414,426,440,454,495,553,576,608,699,796,881,968,1037,1171,1325,1451,1529,1507,1366,1146,995,925,853,827,798,743,687,690,709,692
부산광역시,강서구,2019,여자,422,397,419,420,391,406,425,432,470,472,539,599,661,700,784,877,967,1048,1121,1235,1405,1531,1608,1571,1402,1182,1036,961,888,846,825,771,715,728,724
부산광역시,강서구,2020,여자,461,427,416,445,432,412,427,445,470,498,527,583,676,746,814,887,993,1080,1152,1200,1335,1510,1627,1710,1629,1475,1222,1075,1004,914,874,870,819,760,764
부산광역시,강서구,2021,여자,507,459,444,433,443,451,428,437,466,522,553,577,651,749,863,939,1009,1123,1178,1237,1305,1434,1589,1687,1762,1687,1498,1253,1113,1025,929,920,902,847,799
부산광역시,강서구,2022,여자,597,501,467,447,422,430,430,433,468,502,552,600,628,702,816,959,1002,1067,1158,1204,1279,1331,1436,1573,1702,1758,1687,1513,1269,1108,1029,941,921,900,861
부산광역시,연제구,2012,여자,1139,1201,1233,1225,1269,1325,1276,1276,1259,1220,1252,1273,1308,1443,1635,1714,1772,1761,1572,1492,1492,1445,1571,1705,1701,1762,1803,1794,1836,1858,1726,1651,1676,1645,1810
부산광역시,연제구,2013,여자,1079,1144,1210,1230,1216,1260,1327,1276,1260,1257,1209,1213,1251,1281,1404,1551,1658,1687,1705,1527,1462,1441,1422,1568,1692,1679,1744,1793,1776,1813,1851,1712,1638,1668,1647
부산광역시,연제구,2014,여자,1013,1079,1151,1193,1230,1212,1265,1340,1268,1266,1222,1180,1201,1229,1253,1361,1484,1590,1652,1663,1485,1402,1417,1416,1561,1663,1668,1743,1788,1758,1808,1841,1706,1643,1670
부산광역시,연제구,2015,여자,1022,1018,1111,1145,1229,1251,1244,1300,1359,1272,1247,1212,1166,1170,1206,1241,1328,1442,1593,1675,1659,1494,1427,1465,1445,1561,1670,1686,1775,1766,1772,1821,1872,1717,1638
부산광역시,연제구,2016,여자,998,1019,1035,1106,1185,1245,1277,1275,1321,1349,1298,1244,1209,1129,1155,1186,1237,1307,1459,1597,1684,1657,1540,1468,1476,1436,1557,1665,1709,1751,1772,1795,1823,1861,1701
부산광역시,연제구,2017,여자,860,979,1013,1033,1109,1203,1249,1282,1294,1336,1380,1293,1235,1193,1142,1165,1182,1248,1320,1459,1611,1646,1683,1538,1443,1455,1418,1536,1647,1690,1740,1766,1771,1818,1846
부산광역시,연제구,2018,여자,839,848,982,1035,1029,1126,1214,1282,1337,1346,1358,1381,1293,1235,1207,1196,1181,1225,1261,1346,1492,1615,1667,1688,1525,1445,1445,1414,1540,1644,1690,1731,1776,1781,1813
부산광역시,연제구,2019,여자,842,840,853,995,1039,1046,1154,1275,1316,1374,1356,1373,1406,1284,1233,1246,1213,1213,1232,1272,1384,1515,1633,1677,1692,1543,1450,1464,1437,1552,1655,1700,1747,1779,1775
부산광역시,연제구,2020,여자,770,857,842,857,1006,1062,1088,1219,1282,1326,1371,1379,1413,1366,1327,1256,1257,1233,1220,1239,1304,1374,1528,1634,1664,1705,1556,1472,1470,1455,1557,1663,1708,1756,1800
부산광역시,연제구,2021,여자,756,776,858,842,860,1014,1096,1134,1205,1258,1315,1371,1393,1374,1404,1302,1247,1276,1207,1229,1240,1254,1354,1513,1615,1665,1701,1544,1484,1482,1446,1557,1663,1729,1764
부산광역시,연제구,2022,여자,782,749,775,851,838,853,1026,1113,1096,1180,1258,1299,1363,1366,1361,1374,1278,1236,1231,1207,1216,1187,1217,1328,1502,1609,1649,1677,1534,1488,1463,1441,1539,1667,1709
부산광역시,수영구,2012,여자,905,932,964,982,1017,1081,1067,1049,1060,1088,1130,1179,1260,1304,1458,1571,1565,1488,1311,1230,1197,1192,1300,1363,1362,1415,1457,1434,1406,1386,1300,1284,1350,1409,1520
부산광역시,수영구,2013,여자,861,913,939,959,991,1030,1099,1095,1057,1068,1108,1134,1176,1222,1282,1429,1517,1517,1456,1292,1201,1182,1172,1278,1359,1360,1413,1463,1447,1411,1395,1306,1275,1367,1401
부산광역시,수영구,2014,여자,813,874,925,962,993,1019,1073,1159,1113,1088,1095,1133,1158,1174,1233,1268,1393,1497,1482,1437,1294,1218,1185,1168,1279,1351,1376,1418,1465,1449,1429,1421,1324,1300,1389
부산광역시,수영구,2015,여자,807,834,884,952,982,1037,1064,1160,1223,1181,1129,1153,1190,1191,1224,1231,1295,1421,1483,1479,1442,1319,1215,1198,1191,1271,1365,1385,1427,1489,1474,1464,1445,1350,1321
부산광역시,수영구,2016,여자,762,822,833,906,954,1011,1060,1138,1246,1302,1238,1190,1199,1195,1207,1215,1234,1295,1405,1463,1448,1450,1291,1216,1203,1171,1274,1363,1377,1427,1488,1495,1488,1449,1355
부산광역시,수영구,2017,여자,664,777,828,847,916,982,1045,1122,1252,1311,1339,1285,1237,1201,1192,1190,1221,1177,1259,1388,1429,1457,1405,1291,1200,1179,1167,1262,1339,1388,1428,1514,1517,1492,1464
부산광역시,수영구,2018,여자,603,675,778,820,843,938,1015,1097,1242,1281,1350,1384,1334,1246,1199,1169,1189,1154,1128,1219,1335,1391,1395,1391,1253,1163,1153,1156,1225,1353,1381,1425,1503,1503,1472
부산광역시,수영구,2019,여자,582,610,681,770,817,870,972,1076,1185,1288,1325,1380,1433,1344,1233,1160,1140,1155,1098,1087,1169,1281,1338,1366,1359,1211,1145,1126,1126,1227,1336,1368,1417,1473,1483
부산광역시,수영구,2020,여자,542,598,619,682,787,872,914,1051,1173,1268,1347,1397,1447,1468,1350,1193,1173,1146,1130,1087,1067,1165,1271,1331,1366,1339,1205,1125,1117,1141,1237,1348,1382,1423,1491
부산광역시,수영구,2021,여자,505,551,593,620,690,830,904,1002,1170,1274,1365,1432,1456,1465,1473,1342,1190,1155,1154,1089,1066,1074,1161,1261,1321,1366,1317,1184,1105,1119,1153,1244,1340,1390,1424
부산광역시,수영구,2022,여자,545,509,551,598,631,715,874,1001,1131,1274,1364,1454,1466,1461,1472,1457,1312,1164,1149,1107,1060,1065,1060,1133,1238,1323,1352,1298,1172,1101,1121,1161,1237,1322,1382
부산광역시,사상구,2012,여자,1399,1491,1593,1619,1672,1751,1660,1680,1682,1630,1651,1668,1725,1832,1977,2096,2085,1994,1805,1654,1632,1625,1709,1762,1797,1845,1958,2066,2174,2280,2150,2145,2260,2198,2349
부산광역시,사상구,2013,여자,1300,1408,1482,1586,1633,1672,1742,1655,1639,1620,1575,1577,1581,1668,1750,1894,2034,2014,1925,1712,1585,1562,1563,1646,1711,1773,1788,1913,2028,2150,2258,2129,2139,2232,2181
부산광역시,사상구,2014,여자,1176,1303,1406,1473,1588,1654,1675,1728,1613,1572,1562,1529,1506,1551,1571,1654,1832,1939,1933,1817,1655,1513,1512,1496,1576,1692,1724,1753,1886,2008,2134,2242,2129,2117,2214
부산광역시,사상구,2015,여자,1126,1182,1290,1390,1479,1603,1645,1663,1674,1543,1535,1527,1473,1462,1449,1492,1586,1737,1852,1839,1748,1573,1459,1438,1437,1552,1642,1681,1718,1861,1970,2125,2227,2106,2081
부산광역시,사상구,2016,여자,1012,1124,1156,1286,1413,1478,1594,1624,1608,1639,1518,1475,1465,1399,1381,1375,1417,1514,1630,1768,1742,1665,1488,1394,1389,1390,1503,1593,1636,1681,1832,1950,2101,2205,2074
부산광역시,사상구,2017,여자,852,1001,1107,1156,1308,1435,1495,1583,1601,1607,1616,1462,1432,1401,1322,1301,1295,1338,1424,1549,1679,1659,1589,1450,1347,1337,1358,1472,1551,1604,1684,1807,1926,2089,2183
부산광역시,사상구,2018,여자,773,849,991,1101,1167,1359,1450,1489,1570,1577,1587,1552,1421,1372,1330,1229,1205,1201,1261,1332,1465,1592,1591,1533,1390,1295,1293,1322,1432,1521,1598,1666,1782,1904,2077
부산광역시,사상구,2019,여자,761,772,833,989,1135,1216,1364,1446,1473,1523,1529,1516,1471,1340,1311,1234,1139,1124,1130,1161,1244,1401,1517,1517,1470,1327,1236,1257,1291,1408,1481,1568,1650,1751,1885
부산광역시,사상구,2020,여자,692,760,761,827,1038,1169,1224,1383,1407,1425,1446,1469,1423,1397,1276,1233,1153,1064,1059,1046,1086,1190,1320,1458,1458,1388,1284,1208,1235,1254,1374,1455,1550,1636,1734
부산광역시,사상구,2021,여자,619,690,755,748,865,1076,1181,1260,1335,1375,1361,1405,1424,1377,1370,1227,1168,1093,1011,1003,994,1041,1122,1274,1409,1367,1354,1262,1180,1203,1241,1350,1434,1540,1623
부산광역시,사상구,2022,여자,642,615,685,748,808,905,1103,1201,1253,1301,1340,1331,1384,1384,1360,1328,1193,1133,1045,976,966,962,1004,1087,1224,1356,1341,1332,1232,1168,1188,1224,1337,1432,1524
부산광역시,기장군,2012,여자,609,622,607,584,590,594,564,501,480,488,482,506,563,664,771,906,1001,1008,954,952,937,896,979,993,1018,978,945,953,928,870,792,765,767,750,795
부산광역시,기장군,2013,여자,659,636,658,633,614,612,623,587,522,516,515,549,592,666,803,948,1111,1220,1251,1154,1118,1100,1044,1111,1161,1142,1075,1036,1021,980,945,834,799,823,806
부산광역시,기장군,2014,여자,715,687,685,695,673,648,656,667,636,560,574,595,662,720,819,1000,1194,1350,1494,1512,1386,1324,1266,1220,1294,1322,1281,1202,1146,1102,1057,1007,889,867,896
부산광역시,기장군,2015,여자,781,740,719,713,726,693,674,692,698,647,598,603,682,753,822,957,1142,1341,1522,1660,1658,1494,1436,1373,1323,1404,1411,1364,1287,1206,1142,1113,1055,932,913
부산광역시,기장군,2016,여자,785,797,752,746,724,731,708,701,697,711,670,619,671,763,835,933,1047,1249,1450,1623,1734,1736,1567,1481,1413,1390,1432,1453,1398,1311,1241,1184,1147,1073,961
부산광역시,기장군,2017,여자,727,786,797,770,742,720,736,719,715,713,720,697,673,736,820,905,988,1090,1300,1492,1666,1779,1759,1589,1481,1437,1393,1457,1474,1393,1332,1260,1196,1158,1103
부산광역시,기장군,2018,여자,734,737,790,812,776,736,718,744,733,720,723,741,733,712,791,879,938,1011,1112,1311,1525,1674,1778,1776,1601,1498,1448,1414,1483,1475,1403,1346,1279,1210,1183
부산광역시,기장군,2019,여자,756,752,751,801,808,751,726,727,733,736,719,741,766,751,751,835,905,954,1007,1127,1333,1525,1660,1775,1774,1608,1501,1457,1414,1477,1476,1416,1361,1289,1224
부산광역시,기장군,2020,여자,753,771,773,764,794,796,757,727,741,750,748,756,780,806,828,828,899,975,1013,1081,1184,1369,1564,1704,1826,1835,1626,1522,1486,1432,1500,1491,1425,1388,1324
부산광역시,기장군,2021,여자,768,761,782,786,758,793,793,762,746,762,782,799,797,832,901,914,917,986,1072,1110,1145,1252,1446,1634,1786,1906,1878,1637,1571,1519,1465,1519,1510,1461,1442
부산광역시,기장군,2022,여자,857,767,757,787,750,725,760,796,744,751,767,804,811,818,880,954,977,958,1035,1124,1132,1203,1292,1466,1660,1801,1906,1874,1651,1568,1531,1474,1524,1525,1482
