"행정구역(시군구)별(1)","행정구역(시군구)별(2)","시점",성별(1),15세,16세,17세,18세,19세,20세,21세,22세,23세,24세,25세,26세,27세,28세,29세,30세,31세,32세,33세,34세,35세,36세,37세,38세,39세,40세,41세,42세,43세,44세,45세,46세,47세,48세,49세
"전라남도","소계","2012",여자,12197,12397,12382,12096,12032,11591,10418,9587,8959,8592,8553,8631,8830,9451,10469,10799,10907,11299,10681,10591,10854,10698,11548,12490,12868,13226,13554,13445,13777,13785,13154,13295,13547,13472,13753
"전라남도","소계","2013",여자,11836,12263,12358,12308,11904,11683,11178,10004,9041,8515,8291,8330,8461,8677,9422,10457,10809,10958,11296,10713,10593,10824,10754,11552,12512,12881,13242,13610,13490,13797,13839,13201,13337,13629,13529
"전라남도","소계","2014",여자,11293,11907,12241,12307,12109,11592,11299,10729,9475,8613,8221,8116,8167,8375,8636,9404,10494,10875,10960,11362,10723,10605,10919,10796,11613,12550,12907,13322,13626,13550,13871,13907,13255,13428,13718
"전라남도","소계","2015",여자,11221,11372,11877,12221,12066,11791,11247,10868,10236,9044,8279,8023,7947,8129,8328,8708,9500,10603,10979,11105,11415,10808,10732,10995,10888,11700,12578,12989,13352,13715,13618,13971,14001,13380,13537
"전라남도","소계","2016",여자,10572,11310,11341,11850,11959,11746,11425,10779,10257,9676,8645,8064,7822,7831,8067,8338,8821,9574,10754,11119,11195,11533,10942,10769,11066,10964,11745,12663,13057,13433,13766,13704,14088,14089,13459
"전라남도","소계","2017",여자,9210,10635,11301,11286,11581,11619,11319,10889,10059,9661,9246,8362,7883,7698,7722,8003,8369,8821,9640,10813,11167,11250,11599,10944,10824,11113,10993,11817,12724,13144,13472,13840,13808,14138,14167
"전라남도","소계","2018",여자,8458,9278,10639,11250,10993,11226,11172,10752,10127,9434,9162,8869,8152,7737,7548,7670,7934,8346,8818,9645,10766,11127,11239,11616,10956,10837,11131,11028,11838,12786,13174,13515,13931,13844,14212
"전라남도","소계","2019",여자,8120,8563,9266,10599,10891,10563,10722,10457,9804,9309,8755,8756,8563,7941,7540,7500,7598,7897,8339,8739,9572,10687,11062,11225,11561,10927,10836,11129,11039,11867,12786,13162,13556,13936,13926
"전라남도","소계","2020",여자,7622,8199,8526,9198,10180,10296,9942,9871,9396,8884,8594,8338,8427,8314,7698,7443,7428,7553,7854,8239,8724,9531,10628,11051,11212,11521,10938,10810,11128,11024,11843,12804,13220,13582,14000
"전라남도","소계","2021",여자,7433,7652,8152,8447,8740,9563,9608,9118,8864,8554,8330,8247,8097,8217,8139,7594,7340,7347,7496,7819,8255,8738,9518,10636,11070,11185,11566,10949,10820,11138,11039,11937,12866,13271,13625
"전라남도","소계","2022",여자,7881,7469,7626,8099,7946,8206,8945,8944,8300,8312,8206,8200,8159,8014,8149,8085,7541,7343,7335,7505,7849,8294,8733,9534,10653,11079,11222,11642,10991,10868,11172,11119,11985,12932,13344
"전라남도","목포시","2012",여자,1859,1754,1744,1704,1663,1620,1458,1353,1287,1275,1316,1354,1405,1541,1697,1786,1884,1957,1853,1861,1870,1824,1955,2055,2111,2134,2073,2037,1950,1892,1807,1819,1901,1886,1857
"전라남도","목포시","2013",여자,1791,1820,1755,1733,1645,1623,1587,1409,1296,1237,1219,1279,1312,1384,1506,1659,1756,1850,1927,1821,1814,1832,1798,1912,2031,2097,2088,2067,2008,1931,1869,1793,1804,1869,1885
"전라남도","목포시","2014",여자,1687,1740,1806,1738,1675,1606,1577,1520,1346,1233,1184,1180,1205,1278,1334,1467,1613,1723,1791,1880,1776,1768,1810,1747,1889,1994,2074,2060,2024,1984,1913,1852,1776,1782,1868
"전라남도","목포시","2015",여자,1705,1643,1731,1794,1689,1628,1570,1520,1438,1266,1179,1139,1114,1181,1237,1337,1452,1619,1703,1788,1863,1767,1761,1782,1747,1876,1987,2045,2031,2004,1965,1903,1859,1770,1772
"전라남도","목포시","2016",여자,1605,1668,1647,1725,1735,1636,1581,1519,1431,1363,1188,1139,1084,1092,1159,1231,1330,1470,1650,1729,1791,1868,1762,1759,1774,1747,1875,1982,2039,2034,1994,1957,1903,1858,1753
"전라남도","목포시","2017",여자,1391,1568,1675,1628,1650,1678,1571,1508,1432,1356,1268,1154,1102,1054,1072,1127,1217,1325,1484,1664,1728,1776,1851,1748,1739,1770,1735,1872,1972,2030,2022,1983,1944,1890,1827
"전라남도","목포시","2018",여자,1274,1362,1564,1658,1541,1595,1609,1493,1402,1347,1264,1218,1115,1055,1031,1060,1101,1209,1323,1483,1650,1713,1757,1834,1729,1726,1751,1713,1841,1949,2014,2011,1971,1920,1861
"전라남도","목포시","2019",여자,1228,1255,1354,1564,1575,1484,1535,1521,1348,1304,1246,1205,1182,1075,1018,1025,1045,1093,1213,1317,1483,1653,1696,1757,1817,1719,1717,1739,1696,1836,1945,2010,1995,1958,1921
"전라남도","목포시","2020",여자,1157,1194,1242,1339,1484,1488,1406,1417,1371,1238,1207,1166,1154,1150,1010,978,1004,993,1093,1185,1293,1454,1613,1679,1729,1773,1696,1695,1730,1675,1813,1933,1976,1968,1959
"전라남도","목포시","2021",여자,1115,1128,1172,1222,1263,1376,1404,1296,1284,1241,1176,1137,1103,1121,1077,960,943,947,967,1050,1135,1263,1429,1576,1623,1681,1748,1664,1675,1682,1648,1791,1889,1945,1939
"전라남도","목포시","2022",여자,1148,1109,1116,1177,1157,1169,1317,1324,1177,1196,1205,1150,1108,1097,1085,1044,944,924,929,958,1039,1128,1267,1417,1545,1615,1686,1756,1655,1652,1683,1642,1777,1880,1929
"전라남도","여수시","2012",여자,2012,2044,2037,2026,2004,1959,1770,1625,1462,1419,1420,1436,1487,1601,1786,1851,1870,1921,1831,1817,1862,1822,1958,2141,2187,2269,2336,2248,2307,2372,2236,2222,2233,2241,2331
"전라남도","여수시","2013",여자,1934,1990,2035,2022,1958,1944,1908,1724,1514,1399,1369,1359,1396,1452,1586,1792,1829,1868,1930,1839,1813,1858,1822,1957,2136,2173,2251,2344,2251,2309,2365,2236,2224,2231,2242
"전라남도","여수시","2014",여자,1867,1922,1978,2018,1969,1902,1900,1839,1622,1447,1350,1308,1304,1378,1443,1583,1785,1844,1885,1928,1841,1806,1861,1828,1964,2135,2162,2257,2342,2248,2304,2373,2235,2235,2241
"전라남도","여수시","2015",여자,1835,1855,1914,1971,1974,1913,1856,1818,1762,1545,1395,1304,1272,1295,1369,1438,1596,1791,1848,1871,1933,1831,1799,1852,1827,1968,2122,2165,2252,2335,2241,2317,2362,2246,2241
"전라남도","여수시","2016",여자,1692,1813,1844,1908,1922,1912,1864,1772,1730,1650,1467,1356,1261,1258,1290,1355,1439,1597,1774,1859,1873,1923,1832,1788,1844,1824,1965,2122,2162,2236,2325,2251,2299,2369,2233
"전라남도","여수시","2017",여자,1480,1671,1812,1846,1846,1870,1844,1763,1649,1602,1555,1410,1315,1249,1238,1265,1354,1429,1586,1801,1867,1868,1939,1828,1786,1840,1813,1971,2125,2145,2226,2327,2248,2300,2353
"전라남도","여수시","2018",여자,1382,1466,1675,1816,1788,1793,1794,1737,1620,1521,1513,1470,1350,1284,1214,1207,1264,1326,1415,1573,1790,1847,1872,1924,1810,1776,1820,1818,1954,2118,2141,2228,2330,2234,2281
"전라남도","여수시","2019",여자,1317,1366,1465,1669,1774,1732,1737,1707,1587,1492,1431,1461,1401,1310,1250,1196,1190,1261,1333,1407,1545,1770,1845,1851,1907,1805,1772,1832,1809,1959,2131,2147,2231,2319,2238
"전라남도","여수시","2020",여자,1212,1303,1364,1459,1615,1693,1651,1623,1548,1461,1399,1394,1409,1343,1273,1235,1176,1195,1261,1342,1398,1543,1777,1835,1844,1901,1802,1775,1829,1807,1970,2127,2145,2227,2327
"전라남도","여수시","2021",여자,1158,1195,1302,1360,1387,1537,1589,1522,1458,1436,1373,1369,1348,1359,1311,1261,1219,1165,1196,1251,1342,1396,1541,1776,1817,1832,1884,1793,1772,1828,1806,1969,2111,2149,2211
"전라남도","여수시","2022",여자,1255,1142,1193,1298,1292,1325,1447,1507,1396,1389,1373,1380,1364,1351,1346,1328,1260,1219,1170,1197,1252,1343,1395,1547,1769,1803,1825,1892,1807,1772,1823,1817,1962,2120,2145
"전라남도","순천시","2012",여자,2205,2226,2247,2224,2311,2189,1913,1632,1488,1391,1342,1356,1401,1470,1573,1648,1658,1745,1649,1721,1886,1928,2078,2278,2348,2359,2426,2441,2595,2590,2343,2367,2346,2256,2201
"전라남도","순천시","2013",여자,2138,2197,2222,2266,2293,2234,2125,1825,1545,1427,1344,1312,1342,1389,1466,1605,1668,1708,1769,1694,1780,1901,1963,2124,2296,2359,2396,2442,2465,2619,2573,2348,2365,2342,2249
"전라남도","순천시","2014",여자,2061,2132,2194,2242,2327,2227,2151,2018,1709,1473,1380,1309,1299,1323,1379,1479,1623,1701,1753,1844,1750,1807,1946,2012,2127,2313,2396,2413,2456,2493,2615,2568,2357,2357,2344
"전라남도","순천시","2015",여자,2047,2042,2142,2200,2226,2251,2119,2055,1883,1604,1410,1317,1288,1279,1320,1402,1535,1674,1759,1832,1875,1791,1860,1972,2035,2164,2331,2418,2412,2484,2489,2624,2578,2357,2358
"전라남도","순천시","2016",여자,1873,2008,2040,2132,2107,2167,2139,2018,1906,1755,1531,1334,1313,1264,1288,1342,1459,1577,1743,1811,1860,1906,1825,1873,2011,2055,2167,2345,2419,2424,2484,2494,2632,2565,2352
"전라남도","순천시","2017",여자,1597,1837,2000,2024,2037,2062,2085,2049,1853,1778,1693,1447,1338,1284,1279,1303,1379,1501,1643,1783,1848,1895,1928,1850,1900,2028,2059,2174,2343,2431,2424,2484,2500,2624,2568
"전라남도","순천시","2018",여자,1502,1582,1832,1997,1947,1972,2007,2022,1883,1738,1723,1617,1421,1315,1299,1310,1344,1429,1550,1680,1814,1903,1921,1967,1875,1930,2044,2071,2162,2361,2419,2425,2488,2512,2634
"전라남도","순천시","2019",여자,1507,1482,1572,1836,1922,1888,1928,1920,1864,1754,1655,1653,1570,1413,1328,1329,1341,1386,1463,1569,1712,1853,1930,1962,1994,1902,1947,2057,2065,2185,2347,2417,2416,2493,2512
"전라남도","순천시","2020",여자,1425,1492,1479,1573,1785,1876,1857,1835,1802,1742,1669,1614,1645,1578,1427,1352,1362,1393,1411,1484,1603,1738,1880,1965,1997,2046,1925,1971,2070,2086,2188,2368,2434,2434,2505
"전라남도","순천시","2021",여자,1379,1419,1491,1490,1534,1733,1830,1777,1735,1694,1669,1648,1622,1655,1591,1450,1384,1394,1424,1443,1515,1635,1765,1918,1997,2041,2070,1956,1984,2073,2099,2212,2395,2437,2453
"전라남도","순천시","2022",여자,1415,1365,1419,1494,1416,1477,1667,1751,1657,1616,1603,1616,1626,1614,1640,1593,1475,1392,1408,1439,1457,1529,1643,1778,1926,2006,2043,2086,1958,1978,2077,2094,2209,2381,2438
"전라남도","나주시","2012",여자,448,452,464,467,496,499,450,431,419,411,381,379,380,393,425,441,452,446,409,393,378,384,410,416,446,465,493,470,498,519,514,545,583,569,570
"전라남도","나주시","2013",여자,437,453,457,466,464,498,490,439,412,406,397,380,384,382,396,427,452,458,448,425,402,379,378,413,429,429,473,500,474,494,528,525,556,574,574
"전라남도","나주시","2014",여자,407,447,455,465,472,465,497,489,421,402,397,404,393,401,394,409,456,466,482,480,456,424,410,404,434,448,446,490,507,481,508,544,539,561,587
"전라남도","나주시","2015",여자,413,434,458,475,487,483,498,526,499,450,429,440,444,449,455,451,474,531,562,563,571,528,515,483,465,499,503,498,527,551,510,553,581,570,592
"전라남도","나주시","2016",여자,423,445,454,485,513,520,532,527,549,537,489,474,503,501,515,533,538,570,643,667,684,682,628,593,548,539,566,563,551,583,582,564,603,619,607
"전라남도","나주시","2017",여자,407,446,468,477,524,556,562,551,559,583,560,523,536,557,550,575,597,616,648,730,762,780,760,700,622,621,594,613,610,598,618,626,621,642,662
"전라남도","나주시","2018",여자,427,431,469,488,507,567,582,580,585,588,608,609,583,580,590,584,617,646,670,708,772,815,827,822,728,674,661,632,653,645,641,662,675,661,689
"전라남도","나주시","2019",여자,419,489,445,486,519,523,571,583,573,582,597,642,651,600,585,615,600,627,682,686,700,783,826,853,833,751,692,683,657,671,669,659,687,697,692
"전라남도","나주시","2020",여자,382,472,476,450,505,515,516,566,552,563,581,609,665,667,593,617,625,616,647,681,673,703,788,840,838,840,756,703,697,666,675,672,688,706,711
"전라남도","나주시","2021",여자,411,391,457,458,459,502,503,506,552,554,572,600,641,681,681,620,629,644,625,656,692,690,713,799,839,844,851,762,716,715,672,689,686,714,717
"전라남도","나주시","2022",여자,465,416,389,440,451,448,483,491,504,565,553,610,629,648,697,691,621,636,648,629,664,705,682,720,814,850,847,857,776,731,722,682,685,706,720
"전라남도","광양시","2012",여자,1265,1334,1286,1189,1181,1072,909,827,759,703,688,733,787,867,999,1039,1051,1123,1079,1058,1089,1058,1099,1198,1300,1396,1501,1512,1532,1467,1343,1234,1203,1118,1105
"전라남도","광양시","2013",여자,1214,1292,1333,1261,1139,1114,1006,869,782,712,680,698,746,805,906,1032,1055,1066,1143,1089,1049,1088,1068,1080,1205,1296,1383,1500,1510,1517,1479,1330,1233,1202,1111
"전라남도","광양시","2014",여자,1101,1245,1293,1298,1186,1092,1066,957,825,743,694,695,712,765,836,934,1049,1087,1063,1141,1073,1045,1092,1057,1096,1204,1283,1390,1501,1512,1529,1486,1325,1243,1205
"전라남도","광양시","2015",여자,1079,1142,1234,1269,1232,1158,1063,1009,897,790,719,707,698,731,805,871,948,1072,1081,1080,1149,1076,1053,1086,1061,1101,1207,1288,1402,1505,1529,1544,1481,1339,1259
"전라남도","광양시","2016",여자,1036,1148,1155,1217,1264,1208,1141,1029,938,860,750,735,704,720,766,840,891,943,1080,1108,1083,1167,1092,1057,1084,1071,1115,1218,1312,1411,1533,1542,1555,1501,1363
"전라남도","광양시","2017",여자,895,1108,1160,1132,1226,1223,1160,1106,961,903,828,758,743,726,747,785,855,885,949,1093,1088,1090,1158,1093,1060,1083,1084,1125,1235,1309,1430,1547,1557,1567,1517
"전라남도","광양시","2018",여자,779,962,1106,1140,1104,1191,1167,1104,1028,922,855,808,784,758,749,758,792,858,878,946,1074,1076,1086,1150,1102,1061,1095,1089,1139,1231,1322,1427,1556,1552,1575
"전라남도","광양시","2019",여자,728,855,967,1098,1093,1068,1145,1072,1002,943,841,825,825,784,769,757,762,795,851,878,940,1072,1080,1086,1162,1094,1060,1099,1098,1145,1249,1311,1438,1555,1562
"전라남도","광양시","2020",여자,718,784,845,940,1007,1000,971,1014,923,878,828,788,797,795,772,763,741,758,782,841,873,928,1050,1072,1070,1123,1074,1051,1080,1079,1131,1219,1298,1427,1529
"전라남도","광양시","2021",여자,710,746,765,798,832,908,886,861,864,805,787,786,761,773,795,780,747,730,748,768,827,851,916,1026,1050,1039,1109,1058,1021,1067,1046,1105,1197,1286,1397
"전라남도","광양시","2022",여자,742,745,744,743,712,782,840,824,780,812,784,804,810,779,819,843,804,750,753,744,780,832,873,922,1031,1051,1052,1117,1056,1031,1061,1049,1105,1208,1294
"전라남도","담양군","2012",여자,207,238,237,249,247,251,236,232,237,233,237,229,231,230,266,258,239,219,193,179,170,173,218,228,217,201,246,279,264,269,268,276,293,311,340
"전라남도","담양군","2013",여자,215,217,234,239,240,241,243,235,229,236,233,225,228,220,238,248,254,228,208,187,183,175,176,209,226,211,210,250,281,264,273,267,282,307,316
"전라남도","담양군","2014",여자,210,224,220,234,233,224,241,248,237,229,231,217,218,217,209,217,239,240,212,206,179,182,179,171,208,222,212,213,250,283,271,278,271,292,315
"전라남도","담양군","2015",여자,203,218,224,219,226,231,228,248,250,229,213,219,207,208,209,194,209,231,227,213,197,171,182,178,172,207,221,215,211,253,279,279,287,273,298
"전라남도","담양군","2016",여자,177,213,215,225,235,238,232,228,242,239,218,213,211,204,210,198,195,208,225,225,210,202,172,177,182,172,215,224,217,216,254,290,291,293,282
"전라남도","담양군","2017",여자,153,188,211,224,245,239,238,237,229,237,235,221,209,216,200,197,193,190,199,218,220,211,203,163,186,178,180,223,228,227,232,270,303,301,306
"전라남도","담양군","2018",여자,155,162,188,222,218,236,232,242,234,226,227,224,207,210,200,175,183,179,179,193,211,204,212,202,164,182,179,188,225,238,245,237,282,304,309
"전라남도","담양군","2019",여자,146,155,164,192,214,212,221,228,235,227,209,207,210,201,195,181,168,166,172,172,179,192,204,209,191,170,188,180,193,224,243,242,242,278,313
"전라남도","담양군","2020",여자,137,161,158,162,193,207,203,216,223,214,203,194,194,192,190,188,177,154,153,162,160,173,199,199,205,194,176,186,175,191,224,242,247,243,291
"전라남도","담양군","2021",여자,133,174,158,155,164,188,209,194,198,193,192,192,184,177,186,176,176,168,143,143,162,166,181,199,207,201,195,179,180,186,199,229,259,253,263
"전라남도","담양군","2022",여자,135,169,169,154,155,160,184,190,172,183,179,181,189,178,174,172,159,175,164,136,150,166,167,182,206,207,206,199,183,189,191,203,249,265,271
"전라남도","곡성군","2012",여자,157,158,176,166,157,155,147,133,131,128,119,111,108,115,112,123,121,112,109,121,122,123,150,160,150,148,172,172,177,165,174,180,193,197,190
"전라남도","곡성군","2013",여자,153,154,152,170,188,180,158,142,128,119,123,114,108,106,104,105,120,120,107,104,120,119,125,152,161,147,158,171,172,177,167,170,182,194,197
"전라남도","곡성군","2014",여자,137,153,151,164,208,197,172,147,132,118,110,112,110,102,98,105,99,112,117,109,105,116,121,126,157,158,151,159,170,175,171,162,172,181,201
"전라남도","곡성군","2015",여자,132,138,147,162,199,191,176,152,131,128,103,101,108,96,94,103,101,96,108,120,107,106,115,121,127,153,161,153,160,171,172,174,163,178,185
"전라남도","곡성군","2016",여자,128,135,133,155,209,191,175,153,135,126,118,99,93,94,91,92,100,106,97,106,112,109,109,114,121,126,159,165,148,165,175,178,180,171,180
"전라남도","곡성군","2017",여자,122,134,135,138,205,195,177,147,132,126,123,113,89,89,87,90,83,96,105,93,103,113,116,108,112,122,126,157,162,160,170,176,183,178,177
"전라남도","곡성군","2018",여자,108,127,138,138,190,189,188,145,129,124,119,115,105,83,84,93,82,83,91,97,92,102,114,112,105,114,118,120,158,166,160,169,182,179,184
"전라남도","곡성군","2019",여자,94,123,130,139,178,171,177,155,134,114,115,104,104,89,81,81,85,77,70,82,91,85,100,107,106,103,110,113,122,158,160,159,170,181,181
"전라남도","곡성군","2020",여자,87,107,119,127,149,149,147,142,126,109,107,103,95,90,85,71,75,75,68,66,82,87,83,98,104,101,101,107,111,119,153,162,158,170,176
"전라남도","곡성군","2021",여자,87,90,101,110,118,133,117,110,105,102,101,99,94,88,82,75,66,67,74,70,72,79,84,85,99,103,106,104,107,108,118,156,167,156,165
"전라남도","곡성군","2022",여자,83,86,85,93,99,113,112,98,86,92,99,96,94,94,80,80,68,59,63,75,73,69,79,82,86,101,104,111,104,109,108,120,162,163,156
"전라남도","구례군","2012",여자,146,147,146,146,144,146,126,112,111,102,102,110,92,94,102,105,109,116,112,110,120,111,111,138,145,153,146,152,155,161,161,163,171,165,169
"전라남도","구례군","2013",여자,136,149,148,148,143,143,139,117,99,104,92,99,98,86,89,95,102,105,110,104,108,119,106,118,139,147,151,150,155,164,161,166,167,178,166
"전라남도","구례군","2014",여자,121,138,150,149,148,136,137,131,105,95,97,89,91,100,84,81,100,103,102,111,107,112,121,115,119,138,153,156,153,164,172,169,170,172,182
"전라남도","구례군","2015",여자,129,124,137,148,146,142,136,124,123,101,87,91,87,96,94,77,82,104,105,105,116,115,118,129,118,117,144,152,157,162,173,178,173,170,177
"전라남도","구례군","2016",여자,132,136,122,136,141,143,145,128,123,115,91,82,92,82,92,92,78,86,108,103,108,122,115,119,131,121,119,145,157,162,161,179,180,175,178
"전라남도","구례군","2017",여자,113,134,135,122,136,133,144,140,126,117,106,93,85,89,82,86,88,81,86,108,104,111,119,115,120,134,127,126,152,160,159,169,183,185,184
"전라남도","구례군","2018",여자,96,111,133,130,125,130,135,130,129,119,108,110,92,87,86,73,78,88,81,90,107,103,107,118,114,120,143,126,130,151,165,164,175,189,190
"전라남도","구례군","2019",여자,82,99,109,130,125,125,130,120,116,114,104,104,98,91,77,77,71,77,89,80,91,102,98,105,118,114,119,137,126,126,152,165,163,174,186
"전라남도","구례군","2020",여자,82,82,98,110,121,120,117,111,104,87,91,93,84,90,80,69,78,66,75,87,79,88,93,92,103,115,107,114,132,124,117,153,165,163,172
"전라남도","구례군","2021",여자,87,77,80,98,105,108,107,96,88,77,74,82,76,71,83,71,68,74,62,75,82,72,79,84,90,100,114,105,111,131,122,123,154,161,161
"전라남도","구례군","2022",여자,89,81,77,81,95,88,100,90,71,76,70,67,68,68,69,72,61,69,66,62,71,74,71,73,85,89,102,120,108,112,134,125,124,146,157
"전라남도","고흥군","2012",여자,309,332,355,345,318,302,291,278,243,239,257,240,222,242,260,227,229,252,235,239,247,236,255,286,276,280,305,324,350,355,339,383,404,407,451
"전라남도","고흥군","2013",여자,310,314,330,351,331,309,288,271,252,223,235,236,211,203,229,232,222,233,252,234,227,249,229,255,284,281,278,305,327,345,356,348,391,399,412
"전라남도","고흥군","2014",여자,301,309,315,328,334,318,295,263,250,231,211,217,213,200,196,209,222,222,231,244,216,232,242,229,263,284,277,281,304,324,352,358,352,389,407
"전라남도","고흥군","2015",여자,282,301,316,312,314,322,304,269,247,226,211,192,196,208,185,183,199,213,214,220,229,222,228,240,238,255,278,277,283,303,333,352,363,362,404
"전라남도","고흥군","2016",여자,261,287,307,313,297,302,310,280,244,225,211,199,174,186,185,169,179,192,207,209,216,240,226,226,240,230,252,276,283,285,312,335,356,371,372
"전라남도","고흥군","2017",여자,237,264,292,308,295,286,283,282,247,233,206,194,183,155,174,177,163,176,186,204,205,219,248,229,228,238,229,253,282,286,288,319,330,354,382
"전라남도","고흥군","2018",여자,205,236,267,290,290,283,260,254,243,227,201,179,178,170,148,170,170,159,170,186,201,204,222,254,228,223,233,233,256,284,282,295,311,332,366
"전라남도","고흥군","2019",여자,180,201,234,262,281,268,252,223,210,208,183,179,165,172,158,139,164,165,152,169,188,202,200,227,243,225,222,234,233,259,285,286,293,320,338
"전라남도","고흥군","2020",여자,180,180,200,231,249,256,238,212,185,166,163,155,160,148,155,136,133,161,150,150,170,189,199,201,225,247,232,219,236,233,268,292,292,300,330
"전라남도","고흥군","2021",여자,168,182,179,198,212,230,223,194,174,149,135,138,136,145,128,138,131,129,149,153,146,170,185,202,201,226,249,227,223,232,239,267,302,300,308
"전라남도","고흥군","2022",여자,173,166,178,180,186,187,191,181,169,156,138,131,128,134,131,129,137,132,131,154,142,139,165,195,199,201,223,247,228,219,236,235,278,306,303
"전라남도","보성군","2012",여자,220,231,225,219,216,202,192,187,194,183,187,174,165,191,217,219,227,218,205,193,185,166,178,190,208,217,210,231,244,246,243,249,272,294,317
"전라남도","보성군","2013",여자,218,225,226,223,220,206,186,183,173,175,167,175,166,162,187,206,225,202,200,191,192,177,162,176,187,204,212,213,232,242,251,242,252,275,297
"전라남도","보성군","2014",여자,192,220,221,227,218,206,188,182,174,165,166,165,169,155,161,174,207,204,185,193,183,185,172,155,181,187,200,219,215,231,245,253,241,258,277
"전라남도","보성군","2015",여자,190,189,219,224,216,205,194,181,175,167,159,155,163,155,151,158,170,196,193,181,181,176,173,172,158,179,182,200,218,213,234,249,255,245,262
"전라남도","보성군","2016",여자,192,188,189,224,223,202,198,180,165,166,155,145,139,154,146,149,153,157,189,188,174,174,167,167,170,155,174,179,198,218,218,241,255,254,247
"전라남도","보성군","2017",여자,162,194,187,191,224,207,198,177,163,153,147,142,127,131,134,147,144,132,146,181,184,163,171,159,166,175,156,175,182,202,218,225,249,258,256
"전라남도","보성군","2018",여자,133,164,192,188,191,206,206,183,159,149,129,140,134,118,114,129,137,131,128,141,175,170,158,167,153,172,178,160,177,181,202,220,233,250,257
"전라남도","보성군","2019",여자,122,132,162,194,186,174,197,187,154,141,121,127,121,122,102,105,115,129,126,121,138,160,159,151,158,151,174,178,161,174,183,201,222,231,252
"전라남도","보성군","2020",여자,115,122,131,160,186,172,156,164,157,133,121,115,102,108,115,93,90,108,122,119,122,127,149,147,144,153,155,166,177,161,168,185,200,215,236
"전라남도","보성군","2021",여자,115,119,119,130,150,168,149,127,138,131,119,102,99,90,105,103,79,84,103,117,113,114,124,135,142,145,153,149,166,174,152,177,184,195,219
"전라남도","보성군","2022",여자,135,121,117,117,123,138,142,124,112,113,118,100,91,90,83,89,93,80,79,98,104,109,116,114,133,147,142,155,150,159,172,158,175,185,201
"전라남도","화순군","2012",여자,442,466,439,418,411,391,352,308,283,287,283,264,283,305,365,375,366,403,400,384,391,403,451,495,510,522,519,501,505,490,477,467,459,454,467
"전라남도","화순군","2013",여자,412,466,468,433,403,407,379,344,288,275,282,277,264,271,297,340,355,362,393,391,362,377,398,438,486,513,515,514,503,508,494,473,468,464,461
"전라남도","화순군","2014",여자,399,430,466,462,410,402,384,377,328,279,265,283,260,246,261,281,315,356,346,371,373,361,374,385,426,481,502,508,508,502,503,484,474,478,463
"전라남도","화순군","2015",여자,408,410,431,459,442,406,385,379,367,315,272,262,268,253,240,246,267,309,341,325,351,372,348,363,367,415,469,492,497,495,503,499,490,475,476
"전라남도","화순군","2016",여자,395,428,411,429,434,427,395,375,374,349,312,259,256,255,244,228,237,253,304,325,322,348,365,347,350,362,415,470,481,495,491,501,502,482,483
"전라남도","화순군","2017",여자,354,416,423,404,397,421,415,388,366,354,336,299,250,248,237,233,220,223,253,296,330,320,348,363,343,345,359,416,459,491,489,483,499,497,488
"전라남도","화순군","2018",여자,305,367,412,412,378,389,402,400,370,348,335,323,282,246,221,229,221,210,219,252,291,328,311,351,357,341,334,356,410,463,499,482,483,503,499
"전라남도","화순군","2019",여자,278,315,365,404,392,361,365,377,379,340,316,305,289,261,219,211,212,215,201,218,251,282,314,311,340,353,332,331,355,408,460,491,473,483,499
"전라남도","화순군","2020",여자,260,285,314,359,389,370,343,347,354,333,301,286,272,269,241,205,194,213,203,200,224,239,278,303,308,334,352,326,338,359,390,460,485,466,483
"전라남도","화순군","2021",여자,246,274,289,314,342,372,361,327,321,332,300,289,267,263,261,230,199,193,201,205,210,218,240,274,311,306,341,355,334,352,359,402,470,487,477
"전라남도","화순군","2022",여자,275,258,277,288,295,323,363,338,305,310,312,307,276,257,254,253,219,197,189,202,211,205,211,246,282,308,305,350,358,345,346,368,410,480,496
"전라남도","장흥군","2012",여자,233,246,240,227,234,211,195,192,182,162,170,179,164,164,174,191,183,169,154,158,151,148,176,209,228,235,242,234,237,243,249,269,271,280,290
"전라남도","장흥군","2013",여자,234,236,250,240,235,227,202,183,189,172,163,169,170,171,167,175,187,175,172,160,162,149,160,182,213,234,236,244,245,239,256,263,275,284,286
"전라남도","장흥군","2014",여자,222,237,243,251,254,240,228,187,184,180,170,168,168,178,167,160,167,179,180,174,157,158,153,167,186,222,237,240,251,248,253,270,262,283,292
"전라남도","장흥군","2015",여자,220,234,237,247,271,260,252,217,199,187,169,171,163,172,168,164,154,168,182,185,178,156,164,163,173,193,220,242,241,255,257,258,272,277,294
"전라남도","장흥군","2016",여자,211,225,225,233,250,243,236,212,202,177,163,158,151,148,150,153,144,147,161,174,179,166,157,151,162,165,184,214,239,236,254,253,258,269,270
"전라남도","장흥군","2017",여자,181,206,217,217,222,219,213,194,176,167,151,152,138,128,128,133,129,137,133,145,161,166,160,145,150,156,160,178,212,226,231,249,244,249,256
"전라남도","장흥군","2018",여자,161,183,208,213,212,208,204,190,180,161,154,143,142,128,114,125,125,123,134,136,149,161,166,164,149,151,156,157,176,211,224,231,244,247,251
"전라남도","장흥군","2019",여자,147,157,181,206,198,193,183,176,162,155,148,139,132,130,120,119,132,119,129,131,140,155,157,165,165,148,151,155,156,178,205,224,231,250,249
"전라남도","장흥군","2020",여자,128,140,155,176,191,179,167,154,143,137,137,124,125,126,128,119,126,127,120,117,129,146,148,149,162,164,146,154,154,154,176,207,223,237,253
"전라남도","장흥군","2021",여자,106,123,142,153,165,163,148,141,135,127,119,114,108,119,120,120,109,119,114,112,113,131,137,138,144,160,164,148,150,149,157,177,205,220,240
"전라남도","장흥군","2022",여자,114,102,122,145,142,136,138,132,126,117,110,110,102,104,110,109,109,103,107,109,109,110,123,130,135,145,161,162,145,146,151,160,176,204,220
"전라남도","강진군","2012",여자,209,228,238,236,202,199,195,190,196,177,166,168,173,195,214,227,218,210,197,190,181,168,189,181,195,209,201,211,219,208,209,248,251,257,281
"전라남도","강진군","2013",여자,201,221,207,221,220,196,187,186,177,181,163,149,159,154,182,208,214,216,202,171,180,167,165,183,175,199,208,198,207,216,204,212,242,262,255
"전라남도","강진군","2014",여자,195,209,209,202,215,217,191,181,185,166,169,152,150,159,156,178,209,202,212,200,171,173,166,172,185,183,196,213,204,214,217,209,216,250,263
"전라남도","강진군","2015",여자,201,198,204,212,199,209,201,176,185,166,151,155,151,155,160,148,171,187,200,199,193,164,169,162,170,189,176,198,215,205,215,217,206,218,245
"전라남도","강진군","2016",여자,185,197,192,198,203,191,190,183,165,158,156,137,147,146,143,144,138,152,180,182,187,178,159,152,154,171,181,168,197,209,204,203,216,209,211
"전라남도","강진군","2017",여자,147,181,191,181,185,192,177,172,164,141,153,143,127,141,124,132,133,127,143,170,167,173,161,143,150,153,166,172,169,193,207,196,207,219,208
"전라남도","강진군","2018",여자,138,142,177,184,175,176,180,165,150,144,133,142,135,122,129,121,125,136,117,132,167,157,156,155,141,148,151,156,168,168,195,209,200,210,223
"전라남도","강진군","2019",여자,133,133,141,173,179,163,160,166,136,138,128,120,130,128,116,128,119,123,128,110,135,158,149,151,149,134,142,146,153,167,172,196,214,204,211
"전라남도","강진군","2020",여자,122,129,131,139,160,161,148,143,138,122,121,118,105,122,115,106,118,105,113,117,106,126,152,144,150,147,131,141,147,151,171,169,198,214,204
"전라남도","강진군","2021",여자,113,116,125,129,128,147,150,133,129,125,105,111,106,101,107,96,96,109,93,106,112,98,122,150,144,152,146,133,142,145,151,171,170,196,215
"전라남도","강진군","2022",여자,122,110,115,121,117,116,128,134,122,133,108,104,105,98,93,96,94,99,103,91,104,110,94,118,147,147,148,146,130,140,147,153,170,173,197
"전라남도","해남군","2012",여자,419,406,398,390,419,401,351,341,330,310,306,304,299,303,323,347,345,362,343,336,358,340,339,371,398,416,416,420,460,472,460,472,507,516,524
"전라남도","해남군","2013",여자,417,407,403,398,389,398,384,334,314,298,292,298,296,298,314,353,380,383,376,357,335,357,348,342,377,401,416,416,423,462,471,467,468,514,522
"전라남도","해남군","2014",여자,393,408,408,402,390,368,386,363,312,282,286,293,297,300,304,329,376,411,383,388,352,337,355,346,344,370,402,410,417,419,456,471,468,470,512
"전라남도","해남군","2015",여자,372,390,409,401,389,366,348,364,336,287,268,278,284,301,291,309,340,387,408,396,386,348,329,349,347,337,372,400,416,416,418,450,474,479,471
"전라남도","해남군","2016",여자,349,373,390,405,393,367,344,329,337,315,275,248,270,272,290,281,315,342,374,408,379,373,344,324,352,346,333,378,398,414,416,416,455,482,481
"전라남도","해남군","2017",여자,316,350,373,388,394,374,349,321,297,310,293,250,239,252,261,268,285,301,316,362,383,366,361,338,319,346,334,333,372,402,413,415,419,454,481
"전라남도","해남군","2018",여자,286,314,344,369,374,375,355,319,288,271,277,265,226,229,234,240,266,267,277,300,336,356,348,348,318,306,334,329,328,375,400,407,419,418,456
"전라남도","해남군","2019",여자,266,281,309,343,347,352,336,310,285,257,240,247,231,218,207,224,237,258,252,259,274,313,341,327,334,308,305,332,323,325,375,390,412,414,424
"전라남도","해남군","2020",여자,246,261,281,309,318,314,300,296,256,249,237,214,222,220,191,200,218,222,245,229,236,257,295,321,327,328,306,303,325,322,325,370,397,418,418
"전라남도","해남군","2021",여자,241,246,262,283,278,284,281,266,239,225,237,216,207,211,204,172,180,197,210,218,218,222,245,282,318,317,322,301,299,323,322,329,380,408,420
"전라남도","해남군","2022",여자,244,243,244,264,250,249,253,243,223,213,216,222,209,195,203,186,154,176,185,191,210,211,218,239,279,310,316,321,306,297,328,321,340,385,409
"전라남도","영암군","2012",여자,308,314,317,309,331,305,252,245,230,224,246,264,274,307,375,387,361,371,323,321,333,302,329,358,357,361,355,352,354,354,362,343,344,356,384
"전라남도","영암군","2013",여자,315,304,314,311,300,317,271,232,229,221,213,242,271,270,304,380,382,359,367,317,313,319,295,321,348,345,357,356,358,357,357,358,350,350,358
"전라남도","영암군","2014",여자,319,319,302,310,300,288,289,257,219,219,209,226,255,268,272,323,371,365,351,352,301,298,313,289,310,335,342,358,356,363,356,357,361,352,358
"전라남도","영암군","2015",여자,322,322,316,304,301,293,268,280,241,212,206,208,232,251,266,279,312,346,348,332,334,290,298,311,284,304,333,341,360,363,360,358,361,362,358
"전라남도","영암군","2016",여자,286,322,315,309,286,293,276,258,252,225,205,203,202,219,242,250,278,283,329,325,310,308,285,288,295,278,303,326,344,359,365,359,365,359,368
"전라남도","영암군","2017",여자,239,286,320,311,287,279,276,259,232,228,221,209,190,195,214,234,245,246,267,304,305,277,292,272,274,284,275,295,327,343,359,357,361,363,368
"전라남도","영암군","2018",여자,226,238,291,320,294,275,259,255,234,210,212,202,200,184,198,210,216,225,231,257,285,291,268,285,272,260,280,267,297,324,334,349,366,356,364
"전라남도","영암군","2019",여자,203,227,242,289,304,283,256,246,235,209,192,189,204,193,193,183,203,208,221,229,246,284,297,261,279,258,262,277,274,291,314,337,363,359,363
"전라남도","영암군","2020",여자,186,206,230,244,279,296,264,242,224,208,190,175,192,192,192,178,175,197,202,207,224,242,285,292,254,268,262,266,277,272,290,325,341,358,378
"전라남도","영암군","2021",여자,189,188,209,229,229,264,270,236,211,204,187,169,175,174,183,175,161,174,190,186,195,217,232,280,288,243,265,265,263,280,275,296,328,337,372
"전라남도","영암군","2022",여자,198,188,191,208,212,218,242,230,206,197,188,171,171,161,171,166,171,165,180,189,175,196,209,223,276,281,248,271,266,268,282,283,296,329,343
"전라남도","무안군","2012",여자,465,481,451,435,436,418,377,349,316,308,304,284,315,374,412,428,449,469,452,455,462,453,486,519,509,505,501,516,544,537,485,486,483,473,512
"전라남도","무안군","2013",여자,464,487,479,452,433,423,407,362,333,300,296,299,291,320,394,441,459,482,502,481,493,510,485,517,551,532,534,520,532,547,545,508,498,500,480
"전라남도","무안군","2014",여자,481,484,499,485,444,435,419,402,343,319,292,297,328,315,375,442,493,520,554,553,530,555,543,527,554,583,567,565,556,546,573,573,520,517,506
"전라남도","무안군","2015",여자,501,492,485,505,473,441,428,410,377,338,315,293,305,341,347,401,459,531,560,590,571,558,570,576,539,572,595,593,583,574,563,575,580,527,523
"전라남도","무안군","2016",여자,507,502,481,491,501,462,431,413,380,349,329,310,283,309,345,354,416,484,538,574,588,591,568,581,590,545,565,601,590,590,572,557,582,583,528
"전라남도","무안군","2017",여자,439,504,490,486,503,482,445,417,378,354,340,316,305,286,323,358,381,441,499,543,595,617,616,569,606,601,550,568,598,595,587,580,564,583,587
"전라남도","무안군","2018",여자,403,439,493,486,485,480,453,422,390,353,348,329,320,318,303,333,363,392,450,500,567,601,629,606,581,612,612,557,568,606,587,594,574,565,587
"전라남도","무안군","2019",여자,424,398,436,485,467,468,442,428,377,361,343,341,335,331,319,310,321,360,390,436,504,554,589,619,610,581,607,603,547,571,592,591,581,575,559
"전라남도","무안군","2020",여자,412,423,408,441,482,460,441,425,385,372,360,366,362,366,354,359,338,361,387,413,482,550,589,645,671,649,613,620,610,566,585,610,608,610,580
"전라남도","무안군","2021",여자,426,414,441,428,445,478,444,436,403,388,388,398,420,416,449,436,412,396,423,465,502,576,620,698,746,735,718,668,651,664,602,624,650,654,642
"전라남도","무안군","2022",여자,478,424,419,440,423,434,462,436,409,405,405,398,445,440,475,490,461,443,437,465,512,557,606,669,747,773,764,738,682,689,672,615,633,665,676
"전라남도","함평군","2012",여자,174,180,183,181,161,162,149,162,149,140,116,126,133,121,134,145,125,133,130,127,126,120,133,143,148,149,168,167,175,179,201,208,203,211,225
"전라남도","함평군","2013",여자,171,178,181,174,172,157,151,148,140,136,131,119,128,125,115,142,138,131,129,134,125,122,123,131,145,147,156,163,166,178,192,206,206,205,212
"전라남도","함평군","2014",여자,150,168,177,180,169,167,149,142,134,126,132,124,116,124,117,111,142,140,122,131,127,123,125,123,136,147,149,153,160,175,182,191,205,201,206
"전라남도","함평군","2015",여자,139,150,166,179,170,167,160,143,137,123,127,126,119,112,120,109,116,135,135,119,125,126,125,123,132,141,145,154,158,167,177,182,192,204,203
"전라남도","함평군","2016",여자,139,140,147,167,171,168,160,154,137,130,118,125,116,110,113,113,110,112,132,123,117,123,126,122,128,136,140,155,158,159,173,175,187,190,205
"전라남도","함평군","2017",여자,121,140,139,149,167,169,158,156,141,135,118,115,118,112,112,110,107,107,108,122,122,116,121,123,125,131,139,142,155,163,166,172,183,178,192
"전라남도","함평군","2018",여자,113,125,140,139,154,165,158,146,144,121,114,112,113,112,101,106,100,103,105,106,113,125,115,121,128,122,131,135,144,161,167,169,177,176,181
"전라남도","함평군","2019",여자,105,114,124,140,136,144,149,139,135,110,104,103,105,97,94,94,101,91,93,100,95,119,122,114,118,123,118,128,137,148,157,168,166,173,176
"전라남도","함평군","2020",여자,88,103,107,126,130,121,127,133,126,108,98,84,97,90,85,91,92,91,82,89,92,102,114,123,112,114,119,113,124,138,147,161,163,165,174
"전라남도","함평군","2021",여자,87,87,100,113,113,121,112,113,118,106,92,82,81,85,74,77,84,86,86,77,83,90,94,109,121,106,114,114,110,122,139,149,161,164,167
"전라남도","함평군","2022",여자,95,90,92,104,100,106,115,104,100,107,95,82,79,71,75,70,74,81,86,86,75,80,78,86,105,118,108,109,115,112,122,137,153,164,164
"전라남도","영광군","2012",여자,323,342,334,327,302,313,285,271,255,233,221,220,225,233,268,265,264,286,287,240,239,269,302,311,310,344,341,304,322,340,353,354,373,395,386
"전라남도","영광군","2013",여자,294,336,343,341,313,305,309,277,257,242,232,226,217,230,243,263,271,265,289,289,245,249,272,302,308,314,347,348,308,327,350,352,360,388,398
"전라남도","영광군","2014",여자,279,317,336,332,322,313,300,297,257,251,237,237,222,220,236,237,271,273,258,293,288,245,248,267,296,311,311,346,341,306,329,352,361,372,385
"전라남도","영광군","2015",여자,276,301,306,322,318,313,300,289,274,248,236,231,221,218,217,236,234,264,268,267,287,284,249,241,265,295,307,302,343,342,305,326,356,365,366
"전라남도","영광군","2016",여자,273,294,293,296,305,311,304,285,268,258,231,230,208,212,210,221,224,225,262,274,270,289,286,245,248,262,288,302,307,348,341,308,328,357,359
"전라남도","영광군","2017",여자,246,284,289,278,283,291,288,286,276,247,243,210,212,193,201,205,212,219,229,256,272,272,280,285,249,243,252,287,305,307,343,343,311,332,353
"전라남도","영광군","2018",여자,209,245,281,281,270,265,268,271,275,250,231,214,203,197,183,200,202,209,222,229,250,268,261,278,282,245,238,253,292,302,304,340,340,314,331
"전라남도","영광군","2019",여자,197,213,244,275,260,257,254,251,247,247,227,221,222,206,206,195,215,217,212,231,236,246,262,262,274,278,243,237,250,290,304,300,343,343,314
"전라남도","영광군","2020",여자,181,201,213,239,254,241,247,234,220,216,221,219,220,225,217,214,219,231,217,219,242,233,244,264,261,272,274,239,232,248,294,300,306,344,340
"전라남도","영광군","2021",여자,179,180,202,209,225,229,222,223,199,184,197,209,204,215,214,216,219,211,228,219,222,231,229,240,263,259,270,273,240,228,253,300,302,309,338
"전라남도","영광군","2022",여자,204,184,181,199,199,206,216,200,200,182,186,200,209,211,201,211,219,215,215,224,229,216,228,224,241,268,258,272,271,242,233,263,307,309,310
"전라남도","장성군","2012",여자,228,237,243,242,226,222,210,190,186,179,177,201,202,198,219,230,233,246,223,200,210,212,243,255,241,256,269,264,259,259,267,278,271,277,288
"전라남도","장성군","2013",여자,222,237,242,243,233,218,207,205,182,183,181,193,202,186,189,223,228,236,242,225,203,205,217,236,254,256,262,278,267,259,265,269,281,280,286
"전라남도","장성군","2014",여자,215,230,232,235,226,222,214,207,203,187,180,196,197,195,172,190,227,232,233,239,226,200,210,220,231,260,258,260,276,260,262,270,271,280,282
"전라남도","장성군","2015",여자,214,218,219,228,220,226,227,215,205,201,192,190,200,180,183,172,201,226,240,233,238,219,201,222,212,229,256,253,259,274,259,268,273,268,285
"전라남도","장성군","2016",여자,204,214,210,216,217,223,224,230,204,186,208,201,191,189,170,186,180,195,240,240,241,237,220,203,217,210,219,255,255,263,269,263,267,271,274
"전라남도","장성군","2017",여자,175,203,213,206,211,220,227,231,214,186,195,212,188,183,171,172,183,178,201,238,248,243,241,206,206,214,207,225,263,260,262,272,261,268,278
"전라남도","장성군","2018",여자,162,174,202,207,206,215,217,231,215,198,188,203,199,177,172,164,165,184,174,199,236,242,239,230,205,205,214,213,238,265,260,263,278,268,283
"전라남도","장성군","2019",여자,169,165,171,193,206,202,202,213,204,199,189,198,183,187,166,168,157,162,181,163,191,227,238,230,223,204,202,213,221,238,263,259,274,277,276
"전라남도","장성군","2020",여자,157,167,167,168,185,185,190,189,181,179,188,192,171,172,166,157,152,147,163,165,152,188,219,222,227,216,203,197,218,222,240,263,264,271,274
"전라남도","장성군","2021",여자,143,153,171,161,159,164,170,180,161,157,164,174,167,160,152,152,143,143,145,148,154,154,169,202,218,215,214,199,206,220,222,242,263,267,272
"전라남도","장성군","2022",여자,142,139,154,163,151,148,148,171,157,148,148,160,159,160,147,147,144,145,132,138,143,157,149,165,196,211,213,214,202,205,219,226,245,265,276
"전라남도","완도군","2012",여자,247,247,275,251,226,225,220,207,194,199,219,224,219,215,246,234,235,260,244,221,221,227,229,252,278,288,295,274,274,292,281,294,327,357,392
"전라남도","완도군","2013",여자,269,242,247,271,245,217,212,202,194,180,196,209,225,216,223,242,238,243,250,242,227,225,224,236,252,281,289,291,268,275,303,286,294,336,361
"전라남도","완도군","2014",여자,246,264,243,247,261,237,200,197,189,174,184,182,206,213,206,220,249,235,235,249,249,228,221,222,231,256,279,297,286,275,289,299,287,297,339
"전라남도","완도군","2015",여자,247,242,266,246,237,247,216,185,193,172,170,181,186,200,200,205,220,239,235,234,257,254,222,220,218,237,260,282,298,287,286,286,300,291,301
"전라남도","완도군","2016",여자,242,247,245,269,230,221,230,196,182,192,164,169,178,183,186,199,210,214,242,237,241,262,251,230,219,222,240,260,286,297,294,285,287,304,298
"전라남도","완도군","2017",여자,202,244,250,248,252,215,208,207,178,183,185,157,161,176,168,184,203,197,214,241,236,237,266,255,227,216,221,241,260,289,301,292,286,292,309
"전라남도","완도군","2018",여자,175,200,245,252,234,231,202,189,187,163,169,172,150,157,164,167,173,192,196,211,241,228,236,262,258,225,221,222,246,263,287,299,298,294,294
"전라남도","완도군","2019",여자,171,174,201,246,236,206,213,180,173,166,141,151,156,139,147,163,156,166,187,193,211,238,230,232,266,256,228,218,227,238,257,289,302,300,298
"전라남도","완도군","2020",여자,171,171,177,200,238,206,183,180,157,156,152,132,138,145,134,144,148,149,169,180,190,212,241,229,232,264,257,227,223,213,238,264,286,301,301
"전라남도","완도군","2021",여자,165,165,173,176,194,210,178,148,153,138,157,143,123,123,139,123,131,141,143,165,179,185,206,234,224,231,265,253,225,216,215,244,263,288,300
"전라남도","완도군","2022",여자,173,157,164,171,156,168,176,153,127,132,144,151,126,109,120,127,115,127,131,145,166,177,178,197,228,221,230,257,249,225,215,216,247,264,286
"전라남도","진도군","2012",여자,158,149,151,152,159,161,152,146,138,131,140,126,105,121,129,122,139,144,123,131,144,127,140,154,146,151,163,165,181,186,181,204,213,202,213
"전라남도","진도군","2013",여자,151,166,152,149,150,146,154,139,138,129,124,133,111,107,119,124,128,134,145,126,134,138,134,138,158,147,152,164,165,182,189,180,205,220,208
"전라남도","진도군","2014",여자,159,157,168,154,147,144,141,144,130,131,125,118,125,112,97,121,125,122,132,143,130,131,143,127,144,158,146,157,163,167,184,188,182,215,222
"전라남도","진도군","2015",여자,153,161,159,168,149,139,137,134,141,121,120,118,113,120,103,101,114,123,122,130,146,129,135,141,130,142,154,153,153,166,170,185,189,187,210
"전라남도","진도군","2016",여자,135,158,160,159,156,137,135,130,129,134,106,108,109,104,114,102,98,114,123,123,131,143,128,135,140,125,146,158,153,155,166,167,184,195,190
"전라남도","진도군","2017",여자,127,138,156,159,146,148,136,128,117,118,126,94,100,104,95,110,99,104,110,120,117,123,138,127,134,133,129,148,163,153,157,166,165,188,199
"전라남도","진도군","2018",여자,128,130,140,155,154,141,144,123,120,104,112,120,87,94,89,94,106,103,101,106,113,112,120,139,134,128,133,135,149,162,157,161,166,169,190
"전라남도","진도군","2019",여자,117,129,131,136,151,145,136,121,111,112,92,111,109,82,86,87,92,105,100,97,108,116,110,123,146,127,127,136,132,151,164,155,167,172,170
"전라남도","진도군","2020",여자,91,119,129,127,132,149,141,119,104,104,103,90,110,108,87,84,86,94,106,104,103,107,121,116,131,149,128,126,140,137,152,166,171,172,177
"전라남도","진도군","2021",여자,87,93,118,129,126,128,135,125,102,95,97,93,87,104,104,87,85,86,94,108,98,97,113,122,118,138,143,123,129,139,138,156,174,169,172
"전라남도","진도군","2022",여자,113,86,90,116,120,111,113,113,104,86,92,84,85,76,91,101,85,84,82,88,99,97,96,108,115,116,127,138,122,125,140,139,154,169,168
"전라남도","신안군","2012",여자,169,189,201,198,194,194,192,181,174,164,162,153,164,177,178,159,155,142,134,140,115,109,126,158,166,174,180,177,183,192,206,239,251,257,267
"전라남도","신안군","2013",여자,144,179,186,202,195,185,190,183,174,166,163,144,143,145,174,169,151,138,138,139,130,114,112,134,157,173,175,185,179,189,194,210,240,259,257
"전라남도","신안군","2014",여자,156,160,180,189,206,193,180,187,176,167,157,149,135,132,143,161,161,142,140,138,136,123,118,113,136,166,169,183,190,186,192,203,218,250,267
"전라남도","신안군","2015",여자,159,172,161,179,193,203,186,178,180,172,151,150,135,133,121,131,150,165,145,128,133,130,123,114,109,132,160,175,181,193,189,200,211,222,261
"전라남도","신안군","2016",여자,134,174,171,162,171,188,189,185,169,172,165,145,142,136,123,113,117,152,159,134,123,129,128,124,112,105,128,162,169,179,187,191,209,219,232
"전라남도","신안군","2017",여자,111,147,171,173,152,166,172,177,174,155,169,156,131,134,131,118,103,114,141,147,127,119,129,130,127,107,102,129,157,178,173,193,193,219,221
"전라남도","신안군","2018",여자,95,123,148,169,162,147,155,156,167,153,146,160,131,120,129,125,111,99,112,126,135,126,117,133,130,121,111,104,133,166,173,176,190,197,214
"전라남도","신안군","2019",여자,93,107,125,145,154,150,138,141,143,141,139,128,143,119,106,117,117,102,99,99,118,128,122,126,134,131,124,108,110,131,165,170,179,186,197
"전라남도","신안군","2020",여자,90,103,108,124,133,142,135,116,121,115,121,113,113,120,94,90,105,104,89,88,97,106,117,121,123,129,129,117,108,107,133,161,177,180,187
"전라남도","신안군","2021",여자,93,96,103,110,116,124,125,113,100,98,93,102,93,93,98,80,84,94,84,89,87,89,101,111,114,115,130,123,121,110,111,135,164,181,183
"전라남도","신안군","2022",여자,88,93,96,106,99,109,114,114,101,87,85,82,91,83,89,91,80,80,83,89,88,88,91,102,113,115,119,130,125,128,115,119,133,168,188
"경상북도","소계","2012",여자,15692,15714,15647,15951,16360,16173,14976,13950,13547,13495,13640,13587,13845,14982,16969,18254,18247,17990,16651,16364,17041,17456,18626,19772,20049,20060,20462,20803,21596,21474,19960,19947,20490,19893,20945
"경상북도","소계","2013",여자,15136,15761,15720,15872,16020,16142,15889,14515,13399,13060,13061,13311,13374,13710,14916,16854,18114,18160,17892,16579,16258,16953,17410,18584,19674,19938,19998,20430,20854,21612,21538,20002,20013,20614,19989
"경상북도","소계","2014",여자,14409,15175,15726,15815,15865,15845,15847,15434,13953,12954,12618,12759,13079,13237,13652,14827,16840,18053,18083,17825,16526,16185,16955,17376,18536,19606,19941,19998,20494,20905,21691,21679,20133,20130,20769
"경상북도","소계","2015",여자,14454,14443,15164,15779,15687,15676,15549,15408,14831,13445,12511,12255,12588,12945,13146,13597,14857,16806,18072,18068,17805,16505,16169,16946,17323,18515,19653,19968,20044,20558,20980,21815,21825,20210,20288
"경상북도","소계","2016",여자,13728,14476,14467,15206,15620,15468,15407,15035,14707,14185,12947,12083,12055,12405,12798,13077,13586,14833,16832,18112,18031,17830,16429,16174,16877,17286,18546,19654,20004,20091,20619,21048,21917,21897,20297
"경상북도","소계","2017",여자,11956,13774,14487,14480,15002,15345,15128,14843,14229,13899,13590,12493,11819,11797,12180,12671,12999,13551,14758,16782,18025,18021,17746,16407,16142,16835,17286,18521,19710,20034,20123,20693,21125,22022,21968
"경상북도","소계","2018",여자,11037,12013,13754,14487,14261,14712,14967,14541,13992,13334,13167,13010,12093,11552,11526,12049,12497,12907,13377,14625,16644,17953,17896,17684,16359,16073,16811,17240,18552,19707,20049,20204,20735,21225,22106
"경상북도","소계","2019",여자,10633,11090,11997,13757,14280,13919,14326,14279,13508,13004,12561,12621,12582,11838,11301,11417,11859,12388,12759,13258,14531,16610,17833,17858,17625,16298,16039,16806,17222,18550,19743,20121,20241,20814,21333
"경상북도","소계","2020",여자,10077,10712,11089,11974,13477,13757,13317,13428,12831,12346,12135,11986,12098,12261,11540,11149,11242,11753,12279,12643,13193,14486,16521,17772,17784,17584,16260,16030,16752,17221,18574,19789,20151,20281,20891
"경상북도","소계","2021",여자,9889,10181,10719,11055,11667,12951,13065,12476,12055,11819,11574,11708,11573,11840,12064,11446,11109,11189,11696,12233,12628,13163,14431,16475,17730,17790,17586,16260,16030,16786,17289,18631,19855,20204,20361
"경상북도","소계","2022",여자,10503,10010,10180,10669,10625,11168,12307,12383,11355,11277,11281,11350,11521,11435,11786,12000,11470,11125,11222,11681,12253,12620,13113,14425,16485,17705,17757,17547,16265,16086,16859,17324,18694,19908,20284
"경상북도","포항시","2012",여자,3423,3401,3342,3293,3264,3131,2943,2778,2652,2557,2528,2597,2797,3102,3438,3795,3795,3711,3402,3299,3377,3437,3818,4169,4261,4334,4509,4547,4640,4611,4277,4360,4525,4407,4599
"경상북도","포항시","2013",여자,3287,3405,3401,3301,3189,3136,3057,2843,2671,2550,2468,2515,2600,2821,3102,3458,3799,3814,3710,3445,3328,3402,3476,3844,4177,4270,4346,4520,4568,4645,4601,4280,4362,4528,4382
"경상북도","포항시","2014",여자,3095,3278,3391,3367,3160,3087,3044,2964,2729,2559,2468,2439,2490,2596,2834,3124,3459,3822,3811,3727,3455,3363,3440,3488,3855,4189,4276,4349,4536,4575,4640,4592,4290,4365,4504
"경상북도","포항시","2015",여자,3079,3085,3275,3363,3215,3084,3010,2966,2837,2602,2460,2402,2420,2489,2613,2847,3118,3463,3849,3820,3750,3483,3378,3458,3507,3875,4198,4295,4355,4530,4572,4623,4587,4291,4365
"경상북도","포항시","2016",여자,2893,3052,3090,3249,3230,3120,2999,2905,2828,2717,2497,2387,2377,2399,2493,2603,2865,3081,3490,3845,3846,3749,3462,3387,3471,3486,3873,4205,4280,4340,4519,4547,4600,4557,4282
"경상북도","포항시","2017",여자,2459,2875,3056,3062,3093,3098,3004,2884,2762,2679,2609,2428,2336,2344,2366,2465,2599,2836,3067,3463,3836,3821,3729,3447,3394,3448,3491,3852,4181,4262,4331,4505,4519,4568,4526
"경상북도","포항시","2018",여자,2265,2444,2871,3032,2901,2956,2997,2895,2717,2582,2523,2494,2331,2300,2295,2335,2427,2598,2793,3045,3447,3815,3804,3709,3473,3388,3447,3480,3854,4144,4255,4318,4475,4500,4529
"경상북도","포항시","2019",여자,2221,2250,2439,2855,2848,2756,2851,2859,2682,2506,2399,2411,2387,2295,2261,2273,2305,2428,2558,2775,3047,3428,3798,3806,3737,3486,3372,3442,3491,3821,4144,4241,4298,4463,4469
"경상북도","포항시","2020",여자,2105,2208,2252,2428,2669,2680,2604,2654,2595,2446,2335,2301,2335,2338,2255,2254,2258,2295,2401,2554,2777,3046,3441,3811,3825,3760,3492,3367,3438,3487,3827,4145,4230,4292,4436
"경상북도","포항시","2021",여자,2055,2103,2215,2245,2287,2516,2530,2465,2439,2432,2323,2302,2308,2318,2329,2282,2277,2257,2316,2418,2572,2813,3069,3465,3848,3840,3781,3496,3374,3435,3514,3832,4156,4222,4273
"경상북도","포항시","2022",여자,2170,2060,2102,2202,2047,2104,2333,2398,2281,2292,2330,2318,2325,2309,2324,2346,2289,2277,2287,2332,2437,2604,2816,3076,3487,3844,3835,3777,3497,3381,3456,3501,3836,4141,4204
"경상북도","남구","2012",여자,1627,1602,1559,1548,1540,1494,1415,1310,1245,1227,1245,1274,1403,1564,1755,1918,1923,1840,1653,1605,1615,1665,1851,2013,2047,2049,2102,2142,2207,2207,2057,2069,2128,2065,2131
"경상북도","남구","2013",여자,1525,1588,1592,1525,1488,1474,1462,1362,1262,1190,1205,1231,1273,1386,1548,1712,1867,1885,1822,1655,1592,1608,1655,1849,1985,2013,2034,2095,2122,2196,2196,2046,2051,2106,2032
"경상북도","남구","2014",여자,1444,1499,1567,1557,1451,1424,1419,1410,1299,1204,1168,1193,1219,1274,1395,1517,1667,1837,1867,1803,1639,1597,1591,1640,1830,1960,1998,2017,2071,2104,2179,2169,2038,2036,2082
"경상북도","남구","2015",여자,1410,1420,1483,1541,1484,1409,1367,1384,1350,1236,1153,1139,1176,1240,1296,1376,1480,1639,1841,1843,1795,1657,1572,1580,1636,1823,1948,1986,1993,2068,2085,2163,2155,2025,2029
"경상북도","남구","2016",여자,1317,1383,1413,1463,1484,1437,1361,1325,1347,1297,1184,1134,1130,1177,1237,1275,1349,1431,1662,1824,1841,1804,1627,1562,1571,1616,1812,1947,1963,2001,2056,2078,2144,2128,2004
"경상북도","남구","2017",여자,1126,1305,1373,1394,1394,1425,1386,1284,1283,1274,1249,1163,1114,1110,1148,1203,1243,1317,1437,1642,1801,1836,1782,1603,1556,1564,1618,1810,1928,1958,1993,2043,2057,2126,2093
"경상북도","남구","2018",여자,1014,1121,1298,1360,1323,1334,1372,1299,1227,1200,1204,1202,1111,1086,1069,1100,1158,1231,1287,1399,1613,1773,1818,1750,1601,1561,1554,1617,1795,1899,1947,1981,2024,2053,2099
"경상북도","남구","2019",여자,1004,1003,1120,1284,1275,1242,1273,1287,1206,1146,1116,1167,1147,1084,1045,1037,1059,1141,1185,1246,1366,1567,1757,1775,1731,1596,1533,1548,1608,1756,1895,1929,1970,2010,2022
"경상북도","남구","2020",여자,967,985,997,1096,1185,1177,1156,1159,1162,1092,1071,1079,1107,1076,1030,1014,993,1017,1092,1156,1214,1325,1552,1722,1755,1709,1583,1509,1541,1588,1748,1875,1913,1942,1967
"경상북도","남구","2021",여자,945,960,990,987,1016,1094,1089,1080,1064,1086,1052,1066,1070,1053,1038,1014,997,952,1002,1071,1151,1209,1317,1550,1725,1744,1714,1557,1511,1522,1596,1739,1865,1888,1917
"경상북도","남구","2022",여자,984,948,960,985,891,928,1002,1037,1003,1010,1058,1063,1076,1039,1038,1039,1005,977,959,1004,1087,1172,1219,1323,1552,1732,1741,1718,1560,1505,1534,1591,1729,1851,1873
"경상북도","북구","2012",여자,1797,1799,1783,1745,1724,1637,1528,1468,1407,1330,1283,1323,1395,1538,1683,1878,1872,1871,1749,1694,1762,1772,1967,2156,2214,2286,2407,2405,2433,2404,2220,2291,2397,2342,2469
"경상북도","북구","2013",여자,1762,1817,1809,1777,1702,1662,1595,1481,1409,1360,1263,1284,1327,1435,1554,1746,1933,1929,1888,1790,1736,1794,1821,1995,2192,2258,2313,2425,2447,2450,2406,2234,2311,2422,2351
"경상북도","북구","2014",여자,1651,1779,1825,1811,1709,1663,1625,1554,1430,1355,1300,1246,1271,1322,1440,1607,1792,1985,1944,1925,1816,1766,1850,1849,2025,2229,2279,2333,2466,2471,2462,2423,2252,2329,2422
"경상북도","북구","2015",여자,1669,1665,1793,1822,1732,1676,1644,1582,1488,1367,1307,1263,1244,1249,1318,1471,1638,1825,2008,1978,1956,1826,1806,1878,1872,2052,2250,2310,2362,2463,2487,2461,2433,2266,2337
"경상북도","북구","2016",여자,1576,1669,1677,1787,1746,1683,1638,1581,1481,1421,1313,1253,1247,1222,1257,1328,1516,1651,1828,2021,2005,1945,1835,1826,1900,1870,2061,2258,2317,2339,2463,2470,2456,2429,2278
"경상북도","북구","2017",여자,1333,1570,1683,1668,1699,1674,1618,1601,1480,1405,1360,1266,1223,1234,1218,1262,1356,1519,1631,1821,2036,1986,1948,1844,1838,1885,1873,2042,2253,2304,2338,2462,2462,2442,2433
"경상북도","북구","2018",여자,1251,1323,1573,1672,1578,1622,1625,1596,1490,1382,1319,1292,1221,1214,1226,1235,1269,1367,1506,1647,1834,2042,1986,1959,1873,1827,1893,1863,2059,2245,2308,2337,2451,2448,2430
"경상북도","북구","2019",여자,1218,1247,1320,1571,1573,1514,1578,1572,1476,1360,1283,1245,1240,1211,1217,1236,1246,1287,1373,1529,1681,1862,2041,2032,2006,1890,1840,1894,1883,2066,2249,2312,2328,2453,2447
"경상북도","북구","2020",여자,1138,1224,1255,1332,1484,1503,1448,1495,1433,1354,1264,1222,1228,1262,1225,1240,1265,1278,1309,1399,1564,1721,1890,2089,2071,2051,1909,1858,1898,1899,2080,2271,2317,2350,2469
"경상북도","북구","2021",여자,1110,1144,1225,1258,1271,1422,1441,1385,1376,1346,1271,1237,1239,1265,1291,1268,1280,1306,1314,1347,1421,1604,1752,1915,2123,2096,2067,1939,1863,1913,1919,2093,2292,2335,2357
"경상북도","북구","2022",여자,1186,1112,1143,1217,1156,1176,1331,1361,1278,1282,1272,1255,1250,1270,1286,1307,1285,1301,1328,1329,1351,1432,1597,1753,1935,2113,2094,2060,1937,1876,1922,1911,2108,2290,2331
"경상북도","경주시","2012",여자,1594,1606,1611,1589,1578,1571,1464,1398,1313,1239,1196,1162,1203,1304,1503,1644,1662,1620,1517,1508,1580,1634,1791,2063,2134,2088,2096,2070,2172,2210,2048,2022,2092,2046,2162
"경상북도","경주시","2013",여자,1508,1590,1602,1593,1562,1565,1559,1418,1329,1246,1191,1153,1126,1173,1285,1481,1613,1631,1609,1504,1482,1573,1625,1802,2044,2112,2062,2097,2059,2158,2219,2050,2035,2096,2061
"경상북도","경주시","2014",여자,1449,1508,1584,1582,1565,1539,1549,1500,1342,1272,1204,1146,1117,1097,1157,1273,1452,1582,1618,1605,1473,1468,1570,1630,1789,2028,2090,2056,2088,2060,2170,2231,2044,2042,2102
"경상북도","경주시","2015",여자,1481,1447,1498,1579,1545,1529,1499,1487,1417,1272,1197,1147,1123,1071,1076,1138,1242,1425,1566,1600,1574,1455,1451,1557,1615,1776,2012,2070,2037,2092,2065,2171,2232,2040,2042
"경상북도","경주시","2016",여자,1341,1473,1437,1507,1535,1507,1490,1418,1391,1319,1209,1150,1095,1081,1050,1056,1110,1249,1419,1550,1590,1581,1448,1444,1535,1618,1777,2006,2060,2044,2088,2063,2193,2233,2049
"경상북도","경주시","2017",여자,1114,1345,1469,1441,1477,1505,1473,1406,1310,1281,1272,1165,1071,1069,1055,1035,1022,1132,1237,1409,1541,1602,1579,1433,1433,1539,1600,1769,2007,2062,2047,2085,2085,2215,2250
"경상북도","경주시","2018",여자,1058,1124,1346,1468,1407,1452,1470,1398,1320,1197,1206,1212,1107,1044,1045,1044,1010,1036,1121,1242,1401,1545,1596,1568,1422,1429,1514,1595,1764,2004,2063,2048,2090,2107,2233
"경상북도","경주시","2019",여자,990,1062,1133,1345,1441,1357,1400,1395,1302,1217,1138,1158,1157,1076,1035,1037,1029,1024,1035,1139,1237,1415,1553,1593,1561,1431,1420,1528,1589,1777,2004,2068,2050,2106,2119
"경상북도","경주시","2020",여자,908,988,1069,1136,1324,1376,1295,1304,1257,1184,1130,1074,1097,1129,1046,1020,1021,1027,1012,1046,1147,1238,1434,1549,1599,1587,1420,1435,1524,1599,1783,2013,2076,2063,2122
"경상북도","경주시","2021",여자,929,904,990,1070,1094,1279,1310,1181,1184,1120,1082,1078,1025,1064,1101,1044,1027,1008,1024,1013,1065,1141,1249,1434,1563,1615,1575,1436,1441,1537,1606,1797,2025,2100,2091
"경상북도","경주시","2022",여자,985,930,903,985,1015,1055,1212,1206,1074,1054,1043,1053,1026,1004,1053,1098,1056,1034,1020,1024,1030,1068,1150,1249,1454,1563,1615,1578,1452,1458,1534,1619,1813,2059,2120
"경상북도","김천시","2012",여자,792,820,776,744,848,899,814,718,676,643,625,651,656,694,794,813,804,805,726,744,774,758,820,883,900,926,959,995,1056,1044,1000,959,929,950,1045
"경상북도","김천시","2013",여자,737,811,814,777,751,836,872,754,674,647,604,595,620,639,685,780,786,803,786,724,738,765,759,816,893,888,915,950,997,1054,1044,990,964,936,956
"경상북도","김천시","2014",여자,693,757,807,821,790,742,815,829,715,641,622,575,563,606,630,670,758,776,801,789,721,745,768,768,831,890,895,910,962,997,1062,1049,999,966,951
"경상북도","김천시","2015",여자,704,724,760,815,853,779,738,791,795,693,649,598,572,577,626,640,705,801,832,856,815,755,757,796,790,848,917,914,936,977,1031,1091,1071,1011,997
"경상북도","김천시","2016",여자,682,733,723,766,828,826,787,720,761,778,695,620,604,611,602,658,696,757,858,901,910,864,781,791,831,821,885,949,953,960,1017,1065,1119,1092,1041
"경상북도","김천시","2017",여자,597,710,734,726,763,823,816,757,674,725,753,660,624,614,610,623,686,706,780,879,948,944,882,808,812,852,842,902,979,964,976,1042,1075,1131,1113
"경상북도","김천시","2018",여자,524,612,712,737,731,759,795,778,685,630,691,701,645,599,605,605,620,682,719,775,886,947,933,887,794,827,842,839,903,981,978,989,1039,1078,1138
"경상북도","김천시","2019",여자,534,542,616,714,752,722,754,753,685,632,599,655,681,627,583,591,601,612,683,709,769,879,936,924,871,801,812,844,836,912,994,983,992,1040,1071
"경상북도","김천시","2020",여자,540,581,555,619,738,741,729,708,643,626,598,564,641,674,615,577,605,607,607,677,708,776,869,927,919,868,802,826,857,839,921,1001,989,993,1039
"경상북도","김천시","2021",여자,511,581,585,550,641,707,714,683,600,593,592,563,558,648,658,611,579,619,612,612,678,716,758,866,924,928,881,816,826,850,849,936,1008,993,997
"경상북도","김천시","2022",여자,539,539,579,572,571,615,663,666,566,567,561,577,565,573,644,672,620,598,630,618,623,685,706,763,868,933,931,887,812,828,861,857,941,1016,1003
"경상북도","안동시","2012",여자,947,950,944,922,913,899,837,780,765,794,764,759,792,876,1017,1107,1106,1066,984,1022,1102,1131,1137,1143,1178,1174,1212,1281,1305,1251,1179,1188,1245,1188,1268
"경상북도","안동시","2013",여자,908,953,948,953,963,912,882,818,745,750,760,731,751,783,864,1023,1098,1106,1053,977,1014,1086,1128,1134,1141,1189,1177,1210,1292,1303,1255,1176,1193,1248,1199
"경상북도","안동시","2014",여자,862,915,949,964,1039,984,906,862,801,723,726,733,729,739,779,867,1015,1094,1110,1041,969,1014,1071,1131,1146,1157,1189,1171,1221,1290,1310,1266,1186,1198,1263
"경상북도","안동시","2015",여자,884,867,912,966,1033,1028,974,876,837,763,686,697,720,728,740,769,870,1016,1108,1100,1055,984,1021,1096,1147,1166,1156,1205,1188,1234,1297,1314,1292,1197,1217
"경상북도","안동시","2016",여자,879,889,875,920,1009,1007,1004,921,849,794,718,665,696,711,728,728,763,878,1011,1107,1111,1057,997,1025,1107,1154,1169,1171,1211,1200,1235,1303,1338,1304,1193
"경상북도","안동시","2017",여자,780,875,885,879,960,984,982,944,877,804,750,703,666,679,697,721,719,769,850,1005,1078,1072,1047,969,1024,1081,1150,1152,1161,1209,1188,1237,1294,1335,1292
"경상북도","안동시","2018",여자,697,765,857,884,905,916,948,923,866,804,745,719,674,653,658,686,709,701,730,817,951,1023,1025,1014,944,983,1066,1115,1133,1150,1179,1168,1205,1278,1330
"경상북도","안동시","2019",여자,666,688,758,841,886,866,882,891,843,788,749,694,696,670,630,640,658,692,670,696,781,924,981,1004,992,913,968,1054,1087,1119,1134,1166,1156,1196,1271
"경상북도","안동시","2020",여자,632,670,686,754,834,851,825,817,810,786,755,718,697,704,651,624,615,665,684,665,689,779,917,984,991,975,905,977,1037,1091,1112,1132,1169,1147,1197
"경상북도","안동시","2021",여자,606,635,667,691,749,804,800,762,757,773,752,752,712,699,694,641,624,630,662,684,669,684,777,922,969,989,973,903,979,1043,1085,1116,1138,1166,1156
"경상북도","안동시","2022",여자,633,610,633,663,695,717,766,752,718,719,734,728,733,695,680,672,640,620,617,649,688,654,671,774,921,972,996,960,903,972,1049,1083,1117,1137,1167
"경상북도","구미시","2012",여자,2921,2869,2904,3248,3434,3350,3013,2774,2775,2897,3062,3096,3113,3271,3674,3962,3997,3887,3618,3578,3765,3784,3889,3999,3961,3869,3964,4117,4181,4035,3593,3378,3309,3102,3099
"경상북도","구미시","2013",여자,2862,2898,2866,3121,3324,3388,3311,2973,2704,2730,2879,3031,3110,3147,3309,3711,3966,4003,3922,3608,3554,3734,3749,3849,3947,3937,3841,3938,4115,4163,4023,3591,3354,3305,3096
"경상북도","구미시","2014",여자,2784,2834,2889,2981,3154,3303,3332,3258,2883,2686,2660,2849,3036,3133,3138,3311,3706,3959,3986,3890,3576,3504,3670,3706,3814,3902,3891,3814,3912,4088,4120,4006,3577,3335,3297
"경상북도","구미시","2015",여자,2841,2757,2820,2936,2933,3150,3270,3271,3163,2853,2621,2603,2844,3038,3084,3105,3301,3640,3923,3922,3841,3521,3442,3621,3670,3761,3856,3870,3786,3886,4027,4088,3990,3532,3309
"경상북도","구미시","2016",여자,2719,2825,2741,2832,2886,2920,3109,3156,3145,3003,2784,2516,2591,2790,2998,3045,3081,3260,3604,3872,3875,3797,3483,3414,3585,3636,3728,3826,3854,3763,3854,3997,4060,3950,3496
"경상북도","구미시","2017",여자,2383,2701,2812,2748,2764,2847,2851,3032,3046,2966,2926,2709,2531,2544,2800,2972,3053,3086,3230,3599,3868,3865,3780,3477,3392,3557,3612,3716,3826,3841,3741,3835,3975,4055,3924
"경상북도","구미시","2018",여자,2245,2364,2680,2813,2670,2726,2767,2798,2912,2904,2879,2885,2686,2516,2541,2805,2974,3037,3058,3242,3611,3859,3870,3776,3464,3364,3551,3596,3718,3823,3809,3724,3817,3967,4045
"경상북도","구미시","2019",여자,2170,2221,2351,2671,2718,2598,2627,2656,2615,2736,2776,2821,2830,2648,2476,2538,2785,2928,3017,3065,3235,3613,3848,3849,3757,3422,3359,3532,3581,3702,3788,3782,3707,3783,3962
"경상북도","구미시","2020",여자,2041,2139,2213,2326,2532,2585,2454,2489,2404,2407,2580,2678,2756,2804,2611,2475,2531,2745,2919,3015,3067,3235,3591,3828,3837,3718,3402,3326,3507,3554,3679,3757,3765,3687,3765
"경상북도","구미시","2021",여자,2009,2002,2131,2191,2201,2416,2419,2310,2237,2216,2272,2497,2617,2744,2781,2607,2467,2513,2722,2919,2994,3041,3223,3578,3817,3799,3683,3353,3303,3481,3543,3639,3730,3743,3666
"경상북도","구미시","2022",여자,2130,1967,1991,2119,2057,2092,2256,2297,2111,2103,2144,2262,2493,2609,2742,2748,2580,2434,2495,2706,2879,2971,3007,3200,3558,3773,3747,3629,3333,3273,3453,3506,3609,3685,3707
"경상북도","영주시","2012",여자,681,669,656,664,696,650,567,500,481,489,499,465,441,464,545,609,600,613,568,587,629,672,708,731,779,758,772,829,870,879,819,802,826,789,865
"경상북도","영주시","2013",여자,660,680,668,656,676,658,609,523,461,436,452,465,429,419,455,525,600,609,599,562,586,628,679,701,737,771,755,773,818,871,873,815,800,827,788
"경상북도","영주시","2014",여자,589,658,681,658,637,628,604,547,471,408,398,411,424,399,402,427,522,592,591,582,556,584,633,678,696,731,765,755,774,821,865,871,811,802,818
"경상북도","영주시","2015",여자,580,586,656,675,623,590,573,534,482,419,389,359,382,392,375,400,429,519,574,578,577,554,582,636,673,698,729,754,753,776,818,864,872,816,806
"경상북도","영주시","2016",여자,576,575,587,656,640,592,559,529,466,442,394,353,356,370,378,379,390,430,531,580,577,581,560,585,634,680,697,720,756,751,766,817,865,880,822
"경상북도","영주시","2017",여자,502,577,579,585,626,608,572,521,465,436,403,362,347,347,355,369,366,397,450,534,578,587,583,569,587,634,687,696,733,765,746,761,822,869,876
"경상북도","영주시","2018",여자,464,503,573,571,552,593,578,528,468,419,400,366,334,331,326,344,361,366,389,438,535,586,581,591,575,578,645,685,699,736,768,744,764,816,866
"경상북도","영주시","2019",여자,444,452,491,569,533,526,551,541,468,414,392,368,340,314,326,319,330,352,354,373,433,545,572,573,588,572,580,641,679,694,735,768,743,759,811
"경상북도","영주시","2020",여자,399,430,445,492,539,507,482,494,448,411,386,361,342,325,313,313,306,329,345,346,366,434,530,564,566,588,567,577,638,672,696,732,775,739,754
"경상북도","영주시","2021",여자,379,394,430,450,467,509,476,433,409,393,372,367,335,327,329,311,312,309,318,349,349,366,436,531,565,564,585,576,580,635,674,691,740,771,742
"경상북도","영주시","2022",여자,401,375,396,435,416,432,495,449,385,381,367,369,364,320,336,329,316,314,304,323,358,360,374,441,535,563,567,602,582,585,633,668,693,740,776
"경상북도","영천시","2012",여자,514,527,533,526,515,503,466,442,427,453,461,450,450,493,559,616,605,564,504,469,495,526,592,630,626,640,657,669,722,702,671,682,704,711,736
"경상북도","영천시","2013",여자,503,519,519,525,506,490,479,443,412,410,423,426,423,415,469,543,589,574,536,495,452,475,517,581,613,600,635,642,667,724,707,670,684,711,699
"경상북도","영천시","2014",여자,458,507,512,513,520,496,466,450,436,395,386,406,414,413,423,460,537,564,556,526,492,448,475,506,566,605,604,633,647,677,733,714,698,698,724
"경상북도","영천시","2015",여자,416,459,508,505,515,505,472,443,438,419,375,382,403,403,427,416,456,518,543,556,523,485,445,469,504,565,612,614,644,658,689,741,736,705,707
"경상북도","영천시","2016",여자,381,418,463,508,505,502,497,463,421,439,404,356,380,399,408,409,397,449,494,551,540,520,481,438,471,507,569,612,622,654,675,699,747,745,706
"경상북도","영천시","2017",여자,324,389,416,470,511,496,491,479,431,417,424,380,357,368,395,403,389,400,439,479,540,542,519,475,440,474,507,564,620,629,667,681,704,766,764
"경상북도","영천시","2018",여자,301,342,388,423,483,506,483,472,457,414,413,424,383,355,367,399,396,391,398,417,477,539,534,519,473,443,475,513,575,618,640,668,695,724,787
"경상북도","영천시","2019",여자,307,323,340,396,437,482,484,477,459,439,404,415,416,394,370,368,409,408,399,393,423,484,535,532,506,472,450,481,518,588,636,647,684,710,741
"경상북도","영천시","2020",여자,297,327,321,344,402,425,455,470,434,447,404,400,395,411,399,373,381,416,414,403,394,428,486,529,511,500,484,450,475,538,591,647,653,688,733
"경상북도","영천시","2021",여자,294,326,335,316,336,391,412,432,422,414,414,403,371,388,416,402,383,377,413,413,398,406,429,490,510,504,508,478,445,483,533,611,647,656,709
"경상북도","영천시","2022",여자,295,331,333,328,293,324,369,395,385,390,387,398,377,372,389,414,406,377,379,414,421,403,404,437,483,505,514,504,479,443,495,552,614,651,666
"경상북도","상주시","2012",여자,564,540,534,546,517,512,478,444,443,444,429,416,413,433,474,456,453,441,391,431,469,491,556,592,583,607,628,607,657,698,651,667,732,724,767
"경상북도","상주시","2013",여자,523,565,540,526,507,498,484,450,413,408,419,407,396,389,418,447,451,444,431,393,430,464,489,558,596,585,616,631,607,667,717,655,673,737,745
"경상북도","상주시","2014",여자,483,528,563,534,495,486,478,458,426,377,388,394,383,374,358,387,433,455,443,433,411,420,470,488,562,594,587,634,631,615,685,718,665,677,759
"경상북도","상주시","2015",여자,477,491,521,559,509,477,472,451,428,401,356,366,369,364,343,342,374,437,451,441,452,413,432,476,491,570,600,608,637,639,621,689,728,671,692
"경상북도","상주시","2016",여자,462,486,492,522,543,492,457,447,421,401,380,329,346,355,340,342,333,375,428,458,442,462,423,438,477,500,575,613,610,647,641,632,692,739,679
"경상북도","상주시","2017",여자,406,470,492,493,510,524,470,439,418,380,377,358,311,332,337,338,335,341,362,435,452,449,465,424,436,480,506,582,613,615,653,648,639,698,738
"경상북도","상주시","2018",여자,362,414,466,482,486,497,510,449,407,381,348,356,330,310,318,327,326,330,336,363,434,452,446,469,427,439,480,501,584,618,624,657,654,637,704
"경상북도","상주시","2019",여자,348,386,414,472,505,477,493,476,413,369,344,330,329,339,306,310,308,318,336,336,358,432,449,449,477,431,442,482,513,597,627,628,655,654,656
"경상북도","상주시","2020",여자,338,390,385,419,492,470,439,433,394,341,311,323,289,315,320,291,290,301,313,321,324,369,433,450,442,479,431,445,485,509,592,621,622,648,653
"경상북도","상주시","2021",여자,330,382,378,372,408,442,419,374,341,325,290,285,286,264,289,291,278,281,289,300,313,332,367,434,429,444,474,427,439,476,502,590,615,615,641
"경상북도","상주시","2022",여자,336,385,372,365,329,385,400,364,316,310,313,269,270,262,255,272,297,277,282,292,297,311,334,378,433,435,449,477,427,450,484,506,590,613,623
"경상북도","문경시","2012",여자,376,384,373,392,458,448,391,350,358,332,314,295,306,340,361,420,384,379,368,350,355,382,416,442,438,450,450,456,494,508,494,490,519,562,591
"경상북도","문경시","2013",여자,369,387,388,378,426,443,406,337,315,323,316,291,270,297,310,361,413,377,374,354,347,355,377,426,444,437,448,460,454,491,502,491,501,532,562
"경상북도","문경시","2014",여자,372,375,386,393,420,411,414,368,300,300,303,299,280,269,295,309,361,415,372,364,361,348,364,382,435,450,451,457,458,464,491,507,506,513,544
"경상북도","문경시","2015",여자,371,379,379,393,442,400,381,372,322,276,279,285,286,276,274,302,319,368,415,377,374,365,364,363,400,441,459,446,454,463,470,494,520,508,525
"경상북도","문경시","2016",여자,356,377,382,373,437,419,373,344,316,287,258,259,260,268,266,266,306,313,369,413,371,377,362,368,375,402,446,454,443,453,470,474,496,517,519
"경상북도","문경시","2017",여자,334,349,365,369,406,413,392,332,284,294,261,240,233,242,245,245,254,289,305,357,395,370,356,362,360,365,406,437,456,439,456,469,462,503,522
"경상북도","문경시","2018",여자,296,329,338,359,395,384,388,342,274,266,257,246,219,210,219,230,234,241,273,301,343,381,348,350,353,347,361,393,437,452,440,456,458,465,499
"경상북도","문경시","2019",여자,258,295,327,341,401,375,372,355,283,257,245,254,230,204,204,217,229,226,241,274,299,337,372,351,354,351,351,358,388,438,454,450,457,457,471
"경상북도","문경시","2020",여자,245,260,293,330,380,377,359,333,289,262,238,237,230,226,204,199,218,221,247,243,276,300,332,378,352,350,356,351,358,388,434,461,453,457,467
"경상북도","문경시","2021",여자,220,260,258,290,339,357,357,311,268,263,238,226,216,222,224,193,200,211,244,245,239,269,298,337,372,351,351,355,357,357,386,436,471,456,461
"경상북도","문경시","2022",여자,230,240,264,251,306,320,341,324,262,255,247,238,218,211,231,221,202,206,221,234,237,242,278,304,338,379,347,349,360,357,362,392,451,475,460
"경상북도","경산시","2012",여자,1385,1422,1447,1398,1474,1532,1423,1382,1366,1292,1356,1377,1396,1538,1769,1891,1928,1964,1856,1748,1851,1955,2054,2156,2166,2172,2117,2041,2075,2045,1897,1892,1934,1848,1906
"경상북도","경산시","2013",여자,1394,1424,1445,1481,1474,1545,1597,1464,1406,1360,1323,1355,1403,1420,1569,1792,1911,1946,1990,1834,1738,1860,1947,2034,2121,2140,2141,2116,2056,2099,2082,1921,1900,1964,1868
"경상북도","경산시","2014",여자,1338,1409,1452,1476,1560,1543,1609,1637,1471,1412,1368,1345,1384,1420,1448,1605,1876,1951,1988,2007,1843,1721,1890,1942,2011,2109,2147,2161,2130,2092,2141,2151,1950,1935,2013
"경상북도","경산시","2015",여자,1345,1367,1441,1478,1563,1660,1602,1666,1651,1501,1427,1393,1351,1406,1440,1494,1666,1897,1989,2017,2026,1846,1747,1879,1911,2001,2130,2166,2179,2155,2129,2207,2193,1993,1983
"경상북도","경산시","2016",여자,1309,1369,1395,1468,1544,1680,1723,1655,1643,1644,1488,1415,1374,1350,1392,1467,1493,1664,1908,2006,2019,2029,1820,1741,1836,1880,1988,2117,2167,2178,2163,2128,2230,2223,2010
"경상북도","경산시","2017",여자,1156,1327,1395,1417,1528,1636,1753,1743,1622,1597,1593,1465,1414,1354,1312,1401,1461,1484,1672,1915,1984,2003,1988,1823,1724,1815,1853,1976,2112,2175,2184,2174,2159,2245,2238
"경상북도","경산시","2018",여자,1040,1176,1341,1428,1497,1611,1714,1766,1738,1584,1555,1569,1474,1399,1313,1334,1406,1461,1490,1657,1876,1977,1988,1986,1824,1708,1800,1846,1975,2124,2190,2230,2215,2190,2279
"경상북도","경산시","2019",여자,1036,1053,1183,1376,1516,1600,1728,1748,1735,1683,1545,1541,1571,1453,1347,1336,1335,1408,1447,1462,1639,1872,1981,1989,1985,1804,1698,1806,1854,1967,2147,2228,2267,2266,2260
"경상북도","경산시","2020",여자,1011,1051,1067,1202,1475,1637,1713,1779,1697,1671,1633,1533,1516,1545,1428,1345,1313,1349,1399,1421,1455,1619,1853,1965,1977,1973,1806,1713,1813,1851,1985,2178,2255,2305,2324
"경상북도","경산시","2021",여자,975,1029,1065,1099,1328,1600,1751,1778,1739,1664,1645,1620,1511,1507,1559,1435,1353,1345,1354,1415,1441,1451,1614,1846,1969,2007,1993,1818,1733,1842,1872,2023,2223,2294,2359
"경상북도","경산시","2022",여자,1084,988,1038,1098,1236,1480,1765,1857,1733,1695,1616,1620,1571,1494,1488,1566,1446,1372,1347,1372,1428,1451,1434,1615,1855,1994,2011,2005,1829,1749,1866,1897,2057,2252,2346
"경상북도","군위군","2012",여자,87,87,90,102,93,82,84,87,88,76,83,87,78,75,88,83,101,97,84,67,64,75,78,76,88,94,92,109,113,118,123,152,168,153,171
"경상북도","군위군","2013",여자,89,92,92,94,106,96,82,81,84,84,80,83,84,75,79,80,90,91,93,86,68,63,73,80,74,87,96,94,111,120,124,125,153,174,159
"경상북도","군위군","2014",여자,76,91,96,96,98,104,92,83,76,83,80,75,81,79,79,76,80,87,88,92,89,66,66,77,81,71,89,99,97,110,121,129,127,152,175
"경상북도","군위군","2015",여자,55,81,90,100,95,95,102,92,80,72,75,75,72,73,81,75,72,82,87,83,91,87,72,65,76,81,74,95,101,97,109,128,133,127,154
"경상북도","군위군","2016",여자,52,66,81,93,102,96,94,103,82,74,68,68,68,70,74,75,71,70,84,82,79,88,85,72,63,79,82,79,98,104,99,114,130,136,136
"경상북도","군위군","2017",여자,56,61,68,81,93,107,93,94,87,71,70,59,63,70,70,70,75,62,73,85,79,75,86,88,66,65,82,86,79,99,108,107,117,133,145
"경상북도","군위군","2018",여자,46,61,64,64,78,95,102,87,82,75,66,60,56,68,63,65,65,64,62,71,79,76,72,86,79,63,70,88,88,80,103,112,110,123,141
"경상북도","군위군","2019",여자,40,48,63,60,66,75,89,93,78,75,73,61,58,60,57,60,59,57,63,58,67,76,69,76,84,73,64,74,89,87,82,103,117,113,127
"경상북도","군위군","2020",여자,41,42,50,60,58,60,72,81,76,68,69,66,57,51,46,54,51,49,54,61,57,62,71,68,77,83,69,62,71,88,87,86,108,116,115
"경상북도","군위군","2021",여자,40,42,45,47,53,54,56,66,61,66,58,63,58,48,42,46,45,44,41,49,57,54,58,65,67,81,73,71,61,72,87,87,88,106,121
"경상북도","군위군","2022",여자,43,42,45,42,42,52,49,58,53,59,60,60,59,54,50,42,49,44,45,42,50,57,55,60,66,70,77,79,69,64,74,86,90,92,110
"경상북도","의성군","2012",여자,202,222,219,235,235,226,218,208,209,216,222,211,199,201,207,214,193,192,187,171,160,168,178,200,219,220,225,252,267,277,276,319,367,349,393
"경상북도","의성군","2013",여자,177,203,219,219,225,228,215,205,197,201,192,213,189,180,183,191,195,184,185,173,165,159,168,181,196,217,222,226,256,267,281,281,322,372,352
"경상북도","의성군","2014",여자,169,176,197,217,212,221,212,203,194,183,183,182,186,175,162,163,184,188,170,175,172,163,157,168,179,197,222,222,233,256,273,281,282,318,373
"경상북도","의성군","2015",여자,176,168,175,195,205,204,204,206,189,175,173,166,162,174,158,144,158,175,174,166,174,166,153,157,161,179,203,227,230,235,256,273,283,285,324
"경상북도","의성군","2016",여자,158,177,169,176,188,193,192,190,197,172,160,156,151,151,162,148,145,153,170,172,165,174,164,155,149,162,180,208,232,230,238,261,280,294,286
"경상북도","의성군","2017",여자,130,158,175,173,173,179,185,172,177,176,163,140,145,141,142,151,158,140,145,170,170,173,180,162,155,150,164,184,208,230,237,239,270,290,294
"경상북도","의성군","2018",여자,118,130,159,177,168,170,177,168,160,158,162,150,134,134,132,133,147,151,131,147,167,177,175,174,159,154,158,170,185,207,235,235,249,275,298
"경상북도","의성군","2019",여자,110,120,132,163,173,161,162,153,162,144,145,148,149,126,130,131,127,148,146,142,151,170,175,178,172,158,158,157,172,189,212,231,246,259,280
"경상북도","의성군","2020",여자,104,112,120,133,158,159,144,139,135,144,134,137,140,137,119,124,131,123,147,149,139,150,162,178,179,168,158,157,157,172,194,210,237,252,255
"경상북도","의성군","2021",여자,101,104,111,119,131,143,135,126,117,114,125,133,127,123,122,116,126,121,117,134,136,134,142,160,175,172,167,163,159,156,180,191,213,237,249
"경상북도","의성군","2022",여자,105,98,102,115,112,120,121,117,105,99,107,116,130,115,121,128,122,132,117,111,129,131,135,140,155,172,173,167,164,164,163,176,195,214,240
"경상북도","청송군","2012",여자,100,111,113,105,108,110,112,97,84,86,99,98,87,80,104,100,92,102,91,85,100,104,109,106,115,122,126,131,156,170,150,165,178,183,205
"경상북도","청송군","2013",여자,98,104,106,111,104,105,103,103,89,78,86,92,93,75,87,98,93,90,102,88,85,102,102,109,109,109,121,126,137,162,173,158,171,181,195
"경상북도","청송군","2014",여자,92,99,104,105,107,102,95,93,94,86,78,79,86,85,77,85,93,85,90,100,87,88,98,102,113,108,108,119,127,140,165,175,166,174,189
"경상북도","청송군","2015",여자,87,94,101,104,101,108,98,95,90,91,82,74,73,84,82,78,87,96,88,90,98,87,88,99,103,110,105,105,120,131,145,169,179,169,178
"경상북도","청송군","2016",여자,78,88,95,107,101,106,102,99,91,90,87,82,68,73,78,83,81,89,93,93,93,98,86,88,96,100,109,107,108,120,135,151,173,184,175
"경상북도","청송군","2017",여자,73,80,90,98,103,102,101,95,93,90,81,86,72,64,62,71,79,74,83,99,98,91,96,83,86,96,98,110,110,107,121,142,153,177,188
"경상북도","청송군","2018",여자,73,74,79,88,92,102,101,91,88,83,80,76,72,64,57,55,68,73,71,85,97,94,94,90,86,87,91,97,108,110,110,129,141,152,177
"경상북도","청송군","2019",여자,62,71,72,77,84,94,92,93,80,83,77,74,66,67,62,51,58,63,73,67,82,96,96,89,93,84,83,91,94,104,111,110,124,136,156
"경상북도","청송군","2020",여자,57,60,71,72,75,85,82,80,83,73,72,67,61,59,60,55,56,53,62,73,63,81,97,94,86,85,83,82,90,89,107,114,107,124,142
"경상북도","청송군","2021",여자,58,59,60,71,68,73,77,65,72,70,60,61,55,54,55,56,57,52,51,67,69,62,81,94,84,80,87,81,84,88,93,112,112,113,128
"경상북도","청송군","2022",여자,52,60,57,59,65,67,63,66,59,63,62,53,56,54,56,48,55,55,49,53,71,71,60,81,87,83,81,89,83,84,88,96,111,115,118
"경상북도","영양군","2012",여자,70,67,63,72,84,80,72,58,57,66,66,64,59,68,71,69,63,64,60,59,57,66,68,74,83,86,90,89,99,102,95,114,124,117,133
"경상북도","영양군","2013",여자,64,73,67,62,72,86,82,66,56,60,61,72,59,55,64,65,69,65,67,63,59,60,66,71,78,84,85,96,93,102,102,98,119,124,120
"경상북도","영양군","2014",여자,64,65,72,66,62,71,85,78,64,56,57,62,67,53,51,57,67,72,67,68,65,56,59,68,73,76,83,91,101,96,103,106,97,124,128
"경상북도","영양군","2015",여자,62,61,64,71,65,59,71,82,77,59,54,51,53,61,55,50,57,66,70,66,67,59,55,59,68,72,76,85,88,99,97,107,103,100,128
"경상북도","영양군","2016",여자,63,60,62,64,68,62,60,68,77,69,54,54,46,50,59,55,48,50,66,67,62,68,61,57,59,67,71,76,82,87,101,97,105,98,103
"경상북도","영양군","2017",여자,58,62,62,61,62,63,60,57,62,69,65,53,49,43,48,58,52,43,51,65,61,66,68,62,60,59,67,72,75,81,89,98,97,102,103
"경상북도","영양군","2018",여자,52,58,65,62,61,58,64,58,58,57,63,59,50,47,42,48,58,48,43,55,62,63,62,66,62,58,59,66,71,72,80,88,101,99,105
"경상북도","영양군","2019",여자,46,53,58,64,61,56,57,60,55,54,49,61,54,48,44,40,46,56,48,45,53,62,62,60,63,61,55,56,67,69,73,82,88,100,99
"경상북도","영양군","2020",여자,44,47,52,55,59,56,50,49,49,48,50,50,50,48,44,39,38,50,52,46,41,48,60,58,59,65,58,54,55,65,72,74,81,88,100
"경상북도","영양군","2021",여자,42,44,47,49,51,56,49,44,40,45,46,48,43,47,47,42,39,39,47,52,47,35,48,55,56,61,63,59,53,55,67,70,76,84,87
"경상북도","영양군","2022",여자,44,50,45,45,46,48,49,46,38,39,40,42,45,43,47,44,41,37,37,48,51,45,37,44,53,57,59,62,57,53,56,63,73,79,85
"경상북도","영덕군","2012",여자,174,162,153,174,169,165,151,149,140,127,145,147,145,156,165,175,172,156,147,165,176,161,174,178,176,194,214,213,234,241,229,240,250,273,289
"경상북도","영덕군","2013",여자,159,173,162,156,164,163,164,145,132,131,123,143,138,146,146,149,169,163,158,150,166,169,156,173,183,172,196,210,214,235,244,234,242,262,278
"경상북도","영덕군","2014",여자,157,159,171,166,156,154,157,154,131,127,121,119,130,129,130,136,145,164,166,157,149,163,166,154,177,177,175,196,208,211,242,253,237,252,267
"경상북도","영덕군","2015",여자,155,154,156,171,165,149,145,153,150,118,117,118,109,117,117,130,131,145,162,152,151,145,161,164,156,172,177,173,197,210,213,244,252,240,250
"경상북도","영덕군","2016",여자,135,153,154,157,162,161,151,139,153,136,106,117,104,105,117,119,126,137,140,158,151,149,145,156,166,157,173,170,176,202,208,213,243,252,243
"경상북도","영덕군","2017",여자,115,137,150,154,151,161,161,137,133,140,115,98,107,98,109,117,112,131,132,141,157,156,156,137,159,171,157,162,172,177,203,213,217,245,257
"경상북도","영덕군","2018",여자,112,116,134,149,150,144,156,147,127,124,128,103,103,99,103,107,107,114,135,132,143,164,163,148,138,158,172,150,160,174,184,208,226,220,246
"경상북도","영덕군","2019",여자,106,112,115,135,142,142,136,135,125,111,119,116,99,98,99,102,100,104,123,135,139,147,161,159,147,136,159,168,148,165,181,190,215,226,223
"경상북도","영덕군","2020",여자,99,108,111,113,125,133,123,113,107,103,97,107,96,98,90,96,92,93,108,116,130,132,140,157,155,148,133,155,168,149,165,181,187,213,227
"경상북도","영덕군","2021",여자,102,98,107,109,105,111,113,102,99,93,88,87,94,89,88,86,86,88,91,100,101,119,125,133,151,153,144,131,152,174,152,162,183,183,211
"경상북도","영덕군","2022",여자,102,96,100,106,99,91,97,90,96,90,84,83,83,86,88,89,85,87,82,87,92,97,117,124,132,150,150,143,126,158,176,152,172,178,185
"경상북도","청도군","2012",여자,201,214,200,178,178,169,176,190,170,163,165,170,170,179,212,213,187,176,154,146,154,159,170,200,212,206,219,239,252,270,255,257,298,282,299
"경상북도","청도군","2013",여자,183,199,210,193,171,162,168,168,169,165,149,147,153,160,174,198,200,181,160,156,148,151,158,166,194,217,215,224,241,252,269,259,261,300,286
"경상북도","청도군","2014",여자,161,180,194,202,182,161,164,159,157,162,147,134,135,153,154,160,188,202,180,165,158,150,155,152,162,192,224,216,230,246,252,276,267,265,305
"경상북도","청도군","2015",여자,167,154,179,190,186,179,160,153,152,148,150,142,128,132,138,135,153,181,205,184,168,164,150,152,151,156,197,219,223,232,248,261,282,267,267
"경상북도","청도군","2016",여자,162,157,154,174,185,179,173,151,145,146,140,142,132,112,122,125,131,146,174,206,182,175,157,151,151,150,162,194,222,227,235,253,263,286,270
"경상북도","청도군","2017",여자,128,156,152,149,175,177,171,166,143,137,137,129,138,122,114,121,125,127,141,170,204,181,170,165,152,155,157,163,193,230,229,234,255,273,288
"경상북도","청도군","2018",여자,120,129,155,151,143,166,163,158,151,135,128,126,127,128,118,118,119,117,126,132,175,194,177,173,164,153,160,157,165,203,234,231,237,263,279
"경상북도","청도군","2019",여자,111,121,132,155,154,133,152,144,142,136,127,119,132,116,115,115,112,111,113,117,135,173,188,183,173,168,156,160,161,174,209,238,238,248,270
"경상북도","청도군","2020",여자,104,111,118,133,154,141,123,135,122,111,121,121,120,114,104,110,106,108,109,106,118,137,165,194,186,184,164,158,159,163,174,214,239,247,248
"경상북도","청도군","2021",여자,117,105,105,119,125,137,127,112,110,99,97,111,114,104,106,97,103,102,106,105,111,119,132,161,193,190,185,173,156,163,163,177,212,242,243
"경상북도","청도군","2022",여자,139,112,106,105,113,105,124,115,100,96,96,92,110,106,103,100,97,102,105,105,104,113,115,129,156,191,194,184,171,163,160,164,176,213,242
"경상북도","고령군","2012",여자,171,165,145,152,158,158,146,146,140,142,145,149,152,153,182,202,188,198,193,171,166,164,193,209,196,217,219,209,222,225,226,231,237,231,254
"경상북도","고령군","2013",여자,151,176,162,145,154,159,155,150,141,134,129,143,150,143,153,176,194,183,194,188,164,153,165,194,202,198,216,217,207,225,228,229,240,244,232
"경상북도","고령군","2014",여자,145,156,174,160,147,151,150,144,148,129,124,127,131,136,136,145,174,186,178,188,182,158,153,168,192,207,202,214,213,212,230,234,237,243,249
"경상북도","고령군","2015",여자,138,146,159,170,156,146,143,138,143,131,120,123,118,126,127,128,139,162,183,172,177,179,156,154,164,200,211,200,217,215,216,228,237,236,249
"경상북도","고령군","2016",여자,123,138,149,157,166,157,139,134,141,132,118,113,115,115,116,121,122,127,160,177,160,176,172,153,150,164,199,206,203,218,220,210,228,237,238
"경상북도","고령군","2017",여자,121,127,139,148,155,161,150,130,136,137,126,113,110,110,110,114,121,113,127,153,168,160,171,167,148,149,160,195,204,205,216,215,213,228,240
"경상북도","고령군","2018",여자,104,126,127,136,148,147,159,141,123,125,130,119,112,106,102,99,109,117,107,114,145,162,154,158,154,146,141,158,191,203,199,216,217,210,228
"경상북도","고령군","2019",여자,89,108,124,124,139,142,144,148,132,107,113,120,114,116,94,94,91,107,107,97,110,137,153,146,148,148,138,146,154,187,199,205,213,210,208
"경상북도","고령군","2020",여자,79,91,109,119,121,131,128,127,135,113,93,100,103,108,102,89,86,85,95,97,96,103,129,153,138,141,139,138,141,152,183,198,202,206,210
"경상북도","고령군","2021",여자,86,79,94,102,112,105,111,111,118,113,97,81,81,93,97,88,82,79,76,88,96,87,99,130,145,130,136,136,136,140,149,182,193,194,204
"경상북도","고령군","2022",여자,98,83,79,88,96,98,89,103,103,98,101,99,79,89,89,87,80,81,82,74,88,88,89,102,129,144,133,142,141,138,138,149,178,194,190
"경상북도","성주군","2012",여자,200,201,211,213,211,218,206,217,206,190,181,194,192,212,235,224,224,223,172,165,166,163,182,192,200,211,213,234,266,289,293,302,336,313,334
"경상북도","성주군","2013",여자,182,203,201,206,206,205,212,208,198,192,172,177,183,188,205,224,212,216,212,170,157,163,163,178,192,199,214,222,242,264,295,293,302,338,312
"경상북도","성주군","2014",여자,162,190,201,200,200,206,200,217,192,188,185,170,174,181,192,209,213,209,208,200,167,158,166,162,179,193,205,222,224,241,273,298,290,315,341
"경상북도","성주군","2015",여자,166,170,188,198,198,198,196,203,203,191,185,174,173,168,182,191,195,215,208,201,194,166,159,165,157,184,202,204,222,225,248,276,304,304,320
"경상북도","성주군","2016",여자,155,171,172,188,200,190,194,197,192,198,182,173,174,167,153,170,184,191,213,207,193,194,168,159,160,167,200,199,209,216,231,257,286,317,312
"경상북도","성주군","2017",여자,123,158,172,175,179,197,183,191,188,184,193,177,175,166,156,148,170,179,185,206,200,190,192,169,156,163,177,198,206,212,227,245,258,293,326
"경상북도","성주군","2018",여자,106,130,157,175,161,183,188,180,179,181,178,179,173,169,157,148,153,163,178,171,193,188,179,187,167,148,161,176,200,214,221,234,241,264,299
"경상북도","성주군","2019",여자,87,119,130,158,168,155,173,184,164,167,168,161,166,165,158,141,147,146,161,167,160,183,175,169,183,161,149,160,168,198,216,218,233,246,267
"경상북도","성주군","2020",여자,83,95,116,127,152,152,140,165,159,154,149,147,144,151,158,140,132,138,132,152,159,158,176,164,162,180,160,146,150,169,202,219,223,231,252
"경상북도","성주군","2021",여자,92,85,93,112,121,135,137,129,137,146,136,132,130,131,140,149,134,123,128,123,151,151,155,169,162,164,179,157,143,156,174,209,220,222,240
"경상북도","성주군","2022",여자,99,96,85,94,105,106,121,126,111,125,129,126,118,117,120,133,142,129,120,126,127,141,149,151,168,165,162,178,161,148,161,179,204,224,232
"경상북도","칠곡군","2012",여자,677,691,695,716,779,822,801,690,643,753,775,708,686,794,948,997,1027,1062,995,989,975,987,1044,1033,1046,1012,973,935,952,949,843,820,794,742,762
"경상북도","칠곡군","2013",여자,661,676,696,740,793,845,844,807,702,643,738,784,726,699,817,946,1007,1039,1044,988,966,968,988,1035,1036,1032,1001,955,926,951,936,847,820,802,746
"경상북도","칠곡군","2014",여자,635,657,672,706,748,826,886,849,803,696,648,738,793,743,715,832,962,1021,1019,1053,986,955,957,990,1022,1034,1026,988,966,920,946,947,853,827,809
"경상북도","칠곡군","2015",여자,679,631,658,680,700,740,835,871,835,771,674,645,760,808,758,743,850,987,1017,1040,1054,979,943,960,965,1018,1038,1015,997,966,927,963,950,861,828
"경상북도","칠곡군","2016",여자,676,670,631,664,673,692,731,828,861,827,744,689,659,772,812,788,760,869,993,1016,1028,1037,965,932,929,946,1017,1031,1014,1003,968,936,968,954,859
"경상북도","칠곡군","2017",여자,609,672,668,631,648,655,666,715,796,821,787,723,637,635,741,797,756,754,852,966,994,1000,1015,945,908,913,935,1010,1027,1009,993,962,955,963,953
"경상북도","칠곡군","2018",여자,584,606,669,667,611,626,620,629,670,712,734,700,644,588,590,698,737,736,702,816,930,966,972,992,920,899,904,923,996,1016,991,983,968,960,956
"경상북도","칠곡군","2019",여자,546,573,598,663,640,591,594,577,586,611,615,635,633,579,554,564,648,699,676,673,770,896,945,958,966,912,889,890,911,995,999,993,972,979,956
"경상북도","칠곡군","2020",여자,495,531,568,593,628,603,553,529,511,518,540,530,568,559,545,506,516,608,655,648,640,744,882,931,941,951,905,880,890,921,991,994,986,976,979
"경상북도","칠곡군","2021",여자,499,488,530,568,554,581,550,495,459,452,484,487,492,524,529,516,470,500,585,632,641,643,733,855,929,935,961,908,879,905,929,983,986,994,975
"경상북도","칠곡군","2022",여자,542,490,492,530,530,494,508,490,435,434,437,455,478,480,507,525,502,477,496,567,623,642,642,715,852,919,932,958,898,886,910,933,976,998,997
"경상북도","예천군","2012",여자,187,186,193,200,197,197,188,177,199,183,177,174,172,189,189,203,191,192,179,166,180,186,170,174,172,170,197,220,239,236,229,264,289,307,331
"경상북도","예천군","2013",여자,178,189,189,190,197,193,189,164,164,180,168,168,159,170,175,181,196,177,179,176,173,182,177,177,177,176,178,196,219,238,234,236,265,295,310
"경상북도","예천군","2014",여자,172,180,191,183,185,190,184,179,144,152,167,160,157,146,167,161,181,185,174,172,172,169,180,178,174,180,184,173,194,216,232,236,240,273,298
"경상북도","예천군","2015",여자,166,175,179,189,182,174,183,180,162,140,145,159,150,141,145,157,161,183,187,173,166,165,166,176,175,172,178,181,170,191,217,237,234,245,279
"경상북도","예천군","2016",여자,157,174,173,177,190,173,171,179,169,155,137,141,155,143,138,152,163,167,193,200,181,198,178,173,191,183,177,192,191,174,199,237,242,246,256
"경상북도","예천군","2017",여자,154,172,182,181,182,195,173,171,168,164,150,137,140,158,153,156,167,166,192,220,232,245,233,216,207,233,210,219,223,214,189,230,261,271,272
"경상북도","예천군","2018",여자,159,171,194,199,193,199,200,182,174,175,167,155,140,151,184,180,181,187,197,234,265,309,291,294,270,265,280,262,270,260,239,234,270,296,299
"경상북도","예천군","2019",여자,184,173,182,206,210,202,195,199,186,178,175,179,167,154,178,215,205,209,216,242,283,319,355,337,341,311,307,307,309,297,284,278,259,299,312
"경상북도","예천군","2020",여자,194,187,172,187,208,204,187,182,190,170,170,180,181,175,165,200,230,221,228,241,268,289,342,370,360,363,332,308,327,319,315,300,289,277,303
"경상북도","예천군","2021",여자,193,190,188,174,182,199,185,176,169,169,164,154,178,190,187,180,216,235,237,246,245,268,295,348,385,372,370,337,313,329,327,327,316,298,277
"경상북도","예천군","2022",여자,204,190,190,187,164,177,182,176,154,163,177,162,168,196,209,197,198,228,262,248,251,239,270,298,357,387,371,373,336,314,331,341,334,321,301
"경상북도","봉화군","2012",여자,131,130,138,152,139,144,128,116,116,117,126,117,118,129,147,130,130,139,128,123,120,128,144,155,134,140,152,172,202,194,195,220,212,215,253
"경상북도","봉화군","2013",여자,133,137,132,142,142,135,131,122,110,108,108,115,113,107,126,143,131,130,142,124,119,122,124,150,155,143,147,153,180,200,197,198,214,216,224
"경상북도","봉화군","2014",여자,141,138,140,133,135,137,125,127,118,106,101,103,107,107,102,127,140,128,132,138,123,124,122,125,153,154,153,150,160,179,203,204,200,219,230
"경상북도","봉화군","2015",여자,139,141,140,141,131,130,127,117,121,114,98,98,101,101,105,98,122,142,125,128,133,126,121,120,125,146,158,154,151,161,184,208,208,201,227
"경상북도","봉화군","2016",여자,120,137,140,141,147,127,124,117,110,115,108,99,95,93,93,98,95,129,139,128,120,128,117,120,120,122,147,157,152,152,170,189,213,212,209
"경상북도","봉화군","2017",여자,104,121,137,138,140,142,121,117,106,101,110,101,89,90,81,90,95,96,126,139,124,114,125,118,120,119,124,148,156,151,155,174,194,215,225
"경상북도","봉화군","2018",여자,90,105,123,135,134,134,129,118,102,99,94,102,87,87,87,82,89,90,89,123,138,120,115,127,115,118,120,125,145,154,150,155,173,192,223
"경상북도","봉화군","2019",여자,82,98,105,120,129,125,120,112,96,92,93,87,95,84,81,79,78,89,85,87,121,129,117,118,121,111,116,118,118,145,158,150,155,175,195
"경상북도","봉화군","2020",여자,73,95,97,101,107,118,107,100,84,81,86,81,78,79,73,69,72,78,85,80,82,111,125,119,112,113,108,114,111,118,144,156,150,158,177
"경상북도","봉화군","2021",여자,80,90,95,91,90,99,100,92,66,70,73,80,68,60,68,62,61,68,71,77,79,70,108,119,113,111,118,104,111,111,115,141,155,155,161
"경상북도","봉화군","2022",여자,96,105,92,90,76,79,93,82,63,55,63,68,71,61,56,62,56,58,66,67,78,67,69,102,118,114,111,109,100,112,113,113,145,163,157
"경상북도","울진군","2012",여자,256,258,273,291,268,264,244,197,189,191,177,158,171,177,219,264,280,286,276,271,278,281,286,309,326,320,326,337,361,359,348,351,353,325,400
"경상북도","울진군","2013",여자,273,263,260,271,270,252,245,221,175,179,180,170,159,169,186,225,273,278,293,273,275,275,281,284,311,322,319,323,343,364,367,341,361,352,338
"경상북도","울진군","2014",여자,281,277,264,260,258,263,236,233,208,164,163,178,175,168,180,195,240,266,283,304,274,277,279,272,283,310,323,315,331,347,375,372,345,366,360
"경상북도","울진군","2015",여자,251,278,272,266,239,257,249,222,219,190,156,159,182,184,168,178,204,240,269,297,300,278,284,275,268,279,310,318,313,337,352,377,376,346,370
"경상북도","울진군","2016",여자,216,249,275,273,248,238,240,231,205,207,180,157,168,191,188,165,188,204,245,279,292,288,278,281,277,259,279,309,310,321,337,354,381,375,348
"경상북도","울진군","2017",여자,209,218,252,275,269,238,226,225,212,192,195,169,162,172,195,185,170,189,210,249,279,273,284,272,280,270,261,281,312,309,321,343,352,383,370
"경상북도","울진군","2018",여자,202,213,222,252,263,255,229,204,204,189,183,173,172,158,174,182,175,174,190,203,251,272,272,279,258,277,271,260,281,310,308,324,334,354,376
"경상북도","울진군","2019",여자,181,204,212,221,239,251,238,205,189,180,176,177,179,169,159,168,181,177,179,173,197,248,266,268,265,258,269,267,251,280,304,312,317,334,352
"경상북도","울진군","2020",여자,175,178,203,210,212,226,227,221,183,156,162,177,170,181,163,165,174,175,187,161,164,202,245,264,265,264,249,266,260,250,274,302,304,320,340
"경상북도","울진군","2021",여자,157,167,177,203,201,202,201,209,187,163,145,155,164,170,177,165,166,166,173,172,154,172,198,245,269,258,266,248,266,262,248,275,295,309,322
"경상북도","울진군","2022",여자,156,151,163,176,190,187,178,175,183,167,155,144,157,161,169,180,165,161,155,168,167,157,169,203,246,259,263,260,251,266,258,252,276,295,305
"경상북도","울릉군","2012",여자,43,40,38,43,49,49,58,57,55,50,50,48,53,60,71,70,70,58,56,55,55,51,53,64,61,56,58,55,64,66,74,78,75,84,86
"경상북도","울릉군","2013",여자,43,45,38,37,44,49,50,57,58,49,46,40,45,47,61,63,65,60,59,56,49,49,49,50,60,59,56,56,58,63,69,69,81,76,85
"경상북도","울릉군","2014",여자,34,43,41,37,39,45,50,47,55,54,45,41,42,43,49,55,60,56,58,54,49,48,50,46,50,57,58,56,56,56,64,67,72,78,77
"경상북도","울릉군","2015",여자,41,35,38,40,38,39,49,46,47,54,49,47,42,39,39,43,53,53,54,53,49,49,48,52,49,50,61,57,52,55,54,67,69,71,77
"경상북도","울릉군","2016",여자,40,42,33,39,40,37,44,47,49,46,45,48,46,36,36,33,43,49,53,50,49,46,43,49,49,51,49,60,56,53,55,56,70,70,70
"경상북도","울릉군","2017",여자,28,40,41,33,40,38,39,41,45,46,37,44,47,41,33,30,39,41,54,50,45,48,45,42,48,51,46,53,61,56,52,60,57,73,71
"경상북도","울릉군","2018",여자,24,28,39,40,36,39,37,36,36,44,43,41,46,43,36,29,32,37,46,51,45,49,51,48,43,48,47,50,55,58,56,57,62,61,74
"경상북도","울릉군","2019",여자,20,23,27,39,43,37,37,32,34,32,43,42,42,42,39,34,24,32,36,39,48,49,51,51,47,41,49,49,51,51,58,57,62,61,61
"경상북도","울릉군","2020",여자,18,18,24,28,41,45,32,32,29,30,28,40,36,37,35,37,27,25,30,26,38,50,46,44,49,45,43,49,47,44,51,59,56,58,58
"경상북도","울릉군","2021",여자,20,19,20,25,29,40,41,29,29,30,26,28,35,31,30,33,29,26,24,26,29,37,43,43,41,46,40,42,46,41,45,50,58,56,55
"경상북도","울릉군","2022",여자,27,21,19,21,26,26,39,35,29,28,32,24,30,31,34,32,30,30,28,26,28,28,37,44,39,39,44,41,40,45,43,44,50,58,57
